"","x01","y01","x02","y02","x03","y03","x04","y04","x05","y05","x06","y06","x07","y07","x08","y08","x09","y09","x10","y10","x11","y11","x12","y12","x13","y13","x14","y14","x15","y15","x16","y16","x17","y17","x18","y18","x19","y19","x20","y20","C_size","Species","Sex"
"ORTALB001",0.362875902077376,0.0467576475195232,0.00102452319435829,0.0632571127978793,-0.267915142790067,0.0761699957201889,-0.32292840506783,0.06245075358673,-0.362232526482256,-0.00754832642470739,-0.304849724662061,-0.035960231718936,-0.216023290255719,-0.0677378839425805,-0.130393146463758,-0.0848612196885607,-0.0241556664174434,-0.102601879347174,0.237724870352696,-0.0675803526582325,0.380671980556648,0.0199352010889801,0.203453761642074,0.0034099295652916,0.22045166734598,0.00370796979667278,0.229283515396705,-0.0523636812462751,0.00183199036309086,0.0361394338295166,-0.00651516919390782,0.027492953404087,-0.0365319122268171,0.0243467020791205,-0.044167779129998,0.0124442072457764,-0.00204033012439717,0.014822533371105,0.0804348818853246,0.0277191350215968,600.31087779583,"albistylum","Male"
"ORTALB002",0.358277181283037,0.0498379983542556,0.00841348676049622,0.0615341932134302,-0.248768604941291,0.080023621485594,-0.314334616164787,0.0677248573111923,-0.371454164366359,-0.0101743876724656,-0.31507308469769,-0.0424160931285352,-0.247127107699121,-0.0706706435009137,-0.136785053136544,-0.0907361311740006,-0.0148642645746383,-0.108746782223208,0.231971278577266,-0.0635905233207089,0.36824991404717,0.0209595430308353,0.202259589530525,0.00372219797848811,0.221562320794284,0.00585851909527374,0.22793781819165,-0.0481751900853169,0.0106175493303627,0.0364397389462578,-0.000868494239297754,0.0266563705976673,-0.0278931727267463,0.0244309558057817,-0.039357930735666,0.0127154045635533,0.00889384724006737,0.0170983714556674,0.0783435075272822,0.0275079792671525,517.914471703582,"albistylum","Female"
"ORTALB003",0.354868754209812,0.0499038491396998,0.0012408003548943,0.0585285027058577,-0.271610528092549,0.072737432145813,-0.328122138834362,0.0607188824599454,-0.375743112084243,-5.37481369822452e-05,-0.307259371616662,-0.0355288664020425,-0.217052774936727,-0.0622263372115594,-0.123776271966264,-0.0786567941974385,-0.0158738309034544,-0.100002034539198,0.240341668436314,-0.068593874003138,0.371437237283921,0.0223097439908112,0.198751698526133,0.00302709662504902,0.224231828732806,0.00249957460187234,0.230340308783752,-0.0527842894183245,0.00599561447495392,0.0333789279313669,0.000119894526526685,0.0255890806761006,-0.031858150831664,0.0198766596511506,-0.0423849193373418,0.0102049989360402,0.00576576266302344,0.0116287667483554,0.08058753061113,0.0274424282966207,597.934569999093,"albistylum","Male"
"ORTALB004",0.359285054113597,0.0506284583457475,0.0050893219411995,0.058159595830262,-0.252824641242074,0.0748804932279416,-0.317595390944683,0.0604298563822083,-0.364789496978571,-0.00815831130832297,-0.316394299533483,-0.0386806445331272,-0.235223920504716,-0.0660749646172967,-0.142744712517864,-0.0820518829508417,-0.027146281237442,-0.102020767548732,0.236109548287537,-0.0665518769057488,0.368365423956147,0.0204871880953909,0.206336637217413,0.00708908444430148,0.227214489316318,0.00494725495643987,0.232297727984819,-0.0483125328346483,0.00743790138540585,0.0335788250714961,-0.000169648147598554,0.0266506638242149,-0.032742857757183,0.0214727030326315,-0.0399590325947342,0.0104489195396384,0.00714910325803061,0.014946319920479,0.0803050739978814,0.0281316180279648,486.28834039076,"albistylum","Female"
"ORTALB005",0.346044049627799,0.0491506991002703,0.0109833717179147,0.0626736615510901,-0.266660190108429,0.0785275418166642,-0.327608234458031,0.0661446038555403,-0.37680148835685,-0.00514526719504694,-0.322064138318771,-0.0371756406330643,-0.225592870468238,-0.0740098152598942,-0.133455296153702,-0.0898557565263977,-0.0116728607739693,-0.107590238722134,0.23528098644581,-0.0682404817069364,0.363108275690574,0.0231995788358997,0.19616949337025,0.00668070654712585,0.220350125071167,0.00084507857026524,0.22343840204263,-0.051833349999327,0.0145640692042435,0.0369736188300909,0.00566199572901658,0.0297144236600421,-0.0194004373814849,0.0240989719707445,-0.0310960636998228,0.0114957244727036,0.0141951890899463,0.0167413877378218,0.0845556217299469,0.0276045530945419,469.128127487577,"albistylum","Female"
"ORTALB006",0.345365349088435,0.0446932946323294,0.00670425905259571,0.0508113420616954,-0.256797555846707,0.0807342029892605,-0.32067324587076,0.0704781700138008,-0.375916243855108,-0.00390630361040264,-0.314515454986058,-0.0410815147056663,-0.232864019418396,-0.0682958218216866,-0.14244131084427,-0.0873760751767731,-0.00349779907659885,-0.10538443937286,0.245486275926106,-0.0553472249452,0.358810360660356,0.0132529401162576,0.208241451346949,0.00923836565378869,0.228949110891405,0.00584286589821111,0.236569273966247,-0.0416566770660683,0.00658877684638369,0.0306295706920288,-0.00382157077602402,0.0222388785003384,-0.0302846536378192,0.0196667224700976,-0.0412195781457136,0.0145462841948777,0.00541692702330132,0.0169959327736332,0.0798996476556769,0.0239194867023381,603.459484969786,"albistylum","Male"
"ORTALB007",0.353976459238574,0.0489272159596922,-0.00937605857820137,0.0481516284033442,-0.281504171032546,0.0525954545763886,-0.34161939843332,0.0416683942678159,-0.374971785400402,-0.0010841716849188,-0.303380985284814,-0.0178308554663797,-0.217209952502242,-0.0412038625943924,-0.114050339029266,-0.0569280666609649,-0.00713213214920816,-0.0790745395463199,0.246804088816014,-0.0702855856258507,0.37403274280111,0.0176389283426105,0.20296465677383,-0.00125857433020613,0.226910191670827,0.00175366542838024,0.237568122792489,-0.0541792779471307,-0.00220578677190209,0.0244442844714254,-0.0130207069705698,0.0246300058484542,-0.0319104936252612,0.0202185821597253,-0.0394886160692181,0.00732041217572162,0.00194613288772921,0.00969513945369237,0.091668030866378,0.0248012227689127,540.447037183108,"albistylum","Male"
"ORTALB008",0.354485228189505,0.0540098193706159,0.00287044483263581,0.064978511542736,-0.263974378521422,0.0865919309444695,-0.328028435866248,0.0708070897282723,-0.374935275591782,-0.000961385219922949,-0.315807818679028,-0.0440812548791836,-0.214698293533573,-0.0743500543128874,-0.124863656461935,-0.0927648618764984,0.000739860845297865,-0.115530741154269,0.240238291425271,-0.0728134877903661,0.362773433900331,0.0144544192428046,0.193536642719347,0.0047293573565808,0.217744286544185,0.000661655497722396,0.229240695820785,-0.0493961337559914,0.00687195968353455,0.0394157776838015,-0.00497898554925125,0.0281341680117941,-0.0340384409945334,0.0230613515859351,-0.031900611524582,0.0160620004186818,0.00979951077084796,0.0173520301794353,0.0749255419906125,0.0296398074262697,273.420372320718,"albistylum","Male"
"ORTALB009",0.370702656004162,0.0557299423376183,-0.0138931847924514,0.0748089624176449,-0.269622663592568,0.0842995317518564,-0.321794011880202,0.069512440858804,-0.348374025292272,-0.00291333414996563,-0.297693294165788,-0.0401302472452447,-0.207981500689133,-0.0743855720678396,-0.12141669244208,-0.0966898483908214,-0.0175153223252899,-0.12128635719146,0.239614978805737,-0.084164508425087,0.392120747267423,0.0230551849575544,0.190437599993397,0.00504831130935589,0.21642326609726,0.00160599261396884,0.224596892804167,-0.0645490171462577,-0.00547633820483185,0.0411648570088415,-0.00880977596612566,0.0314377734779608,-0.040241190107179,0.0294934370125914,-0.0457843113779731,0.013287701281768,-0.0002289870287239,0.0194507650453059,0.0649351568924695,0.0352239845434053,413.423148843893,"albistylum","Male"
"ORTALB011",0.356541758164118,0.0504496438794281,0.00866872476681159,0.054962645501225,-0.249525395545509,0.0684758601521489,-0.314793131073867,0.0563370910796977,-0.376305358758381,-0.00674061481675161,-0.326219206549635,-0.0362649851251933,-0.214696081188872,-0.0664162178044872,-0.150308862927004,-0.0781093995610698,-0.0443681478921358,-0.0955640796068247,0.242211210774989,-0.0639798295948586,0.366749286662314,0.0200635663046534,0.20510964004174,0.00663098177805328,0.229503846943337,0.00349739041391153,0.235428638081224,-0.0468635192101017,0.00939314097092839,0.0339169914318251,0.00226021492486535,0.0250016343781951,-0.0298213073326686,0.0214253694123161,-0.0336053809024457,0.00866169914072697,0.00676010062428837,0.0167220793953848,0.0770163102159018,0.0277936928517217,438.628259463523,"albistylum","Female"
"ORTALB012",0.36338888581485,0.0491327225486394,-0.00299872122186575,0.0592023699866591,-0.27636367221119,0.0740908807298672,-0.329450397096093,0.059617550962265,-0.368363703210168,-0.00715398261646206,-0.30763238482631,-0.0375852089197127,-0.217633470824544,-0.0619727631705783,-0.125388342118554,-0.0782466307948405,0.000278091784033145,-0.0967854849990838,0.231115530160744,-0.0722998634329683,0.373628399135761,0.0160875255800487,0.201020575395315,0.00448370006487748,0.222865285534668,-0.000512823422255859,0.224052257680067,-0.0542795278460577,0.00542782861915357,0.0353895992158586,-0.00227007226106419,0.0296602989949025,-0.0320087916997158,0.0225243781918202,-0.0442674323786133,0.0122962907530025,0.00639043832622077,0.0167854121371162,0.0782096953973067,0.0295655560369017,1188.9061148804,"albistylum","Male"
"ORTBRU001",0.360202082077887,0.055925187962423,0.00146436890373675,0.0619360744329676,-0.244505065345223,0.0773298545153687,-0.320377891580022,0.0642992189585066,-0.367240955545032,-0.00319026415959108,-0.309939298687927,-0.040990252437234,-0.254780564234415,-0.0617060943445462,-0.134432255662792,-0.0961176290197598,-0.0215786759266915,-0.113461853211548,0.230086289485039,-0.0663011685715242,0.377382047462121,0.0260295670095049,0.193005950354731,0.00684322589098721,0.220810124848103,0.00370907006105457,0.222555105313815,-0.0492139384070666,0.00954358108089871,0.0379000842164241,-0.00111768939627535,0.0271830459275075,-0.021951711512506,0.0201792376949183,-0.0272721597941293,0.00947373813217631,0.00107190709894988,0.0100867855246643,0.0870748110597348,0.0300861098247681,592.194182679972,"brunneum","Female"
"ORTBRU002",0.360639271626388,0.0499247158657992,-6.26325134904606e-05,0.0602357473298124,-0.254339137941025,0.0791744005226329,-0.329547992238921,0.0624510177816116,-0.367596367398487,-0.00792105138049337,-0.317370855470876,-0.0391520678008946,-0.233656121305308,-0.0652843928681562,-0.135327525305592,-0.0878701092691891,-0.0118825820693342,-0.10663234775546,0.231908176271061,-0.0675330057073842,0.371416060694936,0.0202644383539313,0.19418298619185,0.00711504814463652,0.219440302489624,0.00568906352219017,0.222547186994908,-0.0514958752209449,0.00844425772824846,0.0368201775800212,-0.00234173990784486,0.0275999692280578,-0.0216423439464869,0.0223545216126875,-0.0281728674887887,0.0111465682296901,0.00957301544669609,0.0142587059374557,0.0837889081424428,0.0288544758939972,602.257710618968,"brunneum","Female"
"ORTBRU003",0.368539789694532,0.0483127579845024,-0.00349063495821319,0.057936921769286,-0.266444431184376,0.0729002178409034,-0.323530189314686,0.0604713789517968,-0.364111933684512,-0.00576121411134746,-0.306563372725893,-0.0372317872400973,-0.244531638743047,-0.0617550157553136,-0.127613312078804,-0.0869847804019346,-0.0147120871843042,-0.101382563134097,0.23192741482195,-0.0677636571924419,0.374847656827451,0.0171622211881318,0.19324620285851,0.00774915542196629,0.222629044289712,0.00458248141356233,0.224434495894227,-0.0476357566520033,0.00090496368314011,0.036652559220483,-0.00608147093281242,0.0270019655276548,-0.0231185248720353,0.0206627180114753,-0.021215161594327,0.0107954626359905,0.0105150791988567,0.0155508893949226,0.0743681100046316,0.0287360451265604,605.625750773528,"brunneum","Male"
"ORTBRU004",0.364403573904941,0.0473788662835006,-0.0120543527823624,0.061643243538135,-0.273032279857551,0.0765276542397228,-0.333336594047127,0.0630824423992767,-0.367113775992307,-0.0027212853471249,-0.311840269623384,-0.0313016300702749,-0.211407221603452,-0.0638370381177932,-0.113130688938392,-0.0848331228434404,0.00350770254552093,-0.103108713675773,0.237996099414754,-0.0708838481612107,0.371929031446877,0.0148717862768732,0.196117607092651,0.00605934013890569,0.222363574387618,0.00619728836808001,0.227947348519184,-0.0567619097313352,-0.00299008237371005,0.0349206259441123,-0.0113555459654748,0.0285755276802627,-0.0296896964634315,0.0206046324632297,-0.033313670160145,0.010611076701526,0.00236724711676312,0.0139514343820267,0.0726319933790274,0.0290236295313007,602.790137610097,"brunneum","Male"
"ORTBRU005",0.361740931742128,0.0501649650417216,-0.00609476849385947,0.0560828290859753,-0.273905608180713,0.0797332920279165,-0.32911910908976,0.0699999621858515,-0.364728679492599,0.00294876136611564,-0.301520807344299,-0.0321363892774636,-0.229030892729066,-0.0622262706075335,-0.122645846363188,-0.089856687519602,0.00446971786576601,-0.10857633595438,0.236754423520119,-0.0657374218563189,0.369065871306032,0.0233992511539403,0.197896143385838,0.00511533649825089,0.224181491200448,0.00312858375973653,0.232229320228306,-0.0471648742085828,0.00174308785605171,0.0331554431580421,-0.00584326551422802,0.0232464905673178,-0.0331623500293767,0.0175618547424897,-0.0401885733036374,0.00601489367124494,0.00247117690360113,0.00962872050082809,0.0756877365324365,0.0255175956644501,578.190063906325,"brunneum","Male"
"ORTBRU006",0.359454631163527,0.052812920962085,0.00133520559542822,0.0541747833555561,-0.254648872902117,0.066273104898861,-0.328205846960014,0.0544065656674201,-0.371943063822399,-0.00321280534226168,-0.325315430748187,-0.0297532819689232,-0.234857787869827,-0.0585647973197759,-0.141279825735342,-0.0799290056176687,-0.00545528545069382,-0.0973119990650112,0.228932910047068,-0.0632567565432837,0.372422664893226,0.0211320537256236,0.197113939071663,0.00362217636739152,0.222162733863926,0.00327083842734147,0.223424932623833,-0.0480007943275676,0.00880854597122592,0.031094957419039,0.000207550291484756,0.0255990645671925,-0.0213081018600714,0.0185186726140056,-0.0271637923321279,0.00872392722796891,0.0135321439609197,0.0123152365727587,0.082782750198477,0.0280851383792491,620.205248284792,"brunneum","Female"
"ORTBRU008",0.373518598144147,0.0344550346971071,0.00282412617600612,0.0458979739602577,-0.24919510335727,0.0665425681078327,-0.323860738637301,0.0554511026154184,-0.371850134364734,-0.00284531751356066,-0.316206249667636,-0.0373825780754205,-0.248706239128299,-0.060898545609856,-0.140243469557843,-0.0798774399688829,-0.012900204304934,-0.0882073207577651,0.238719762866124,-0.044329892348168,0.368384044385134,0.00724096616107224,0.196625205384925,0.0103546843621939,0.221817600938675,0.00654355193159695,0.230387293280591,-0.0284911897104581,0.00914268076535469,0.0313968035863432,0.00237078054030139,0.021347411420371,-0.0326054132416264,0.0127722027270204,-0.0339709632714622,0.0107461519187205,0.0104125265999087,0.0159191570341645,0.0753358964499404,0.0233646754620145,584.538022715375,"brunneum","Male"
"ORTBRU009",0.365175948488879,0.0489435759083465,-0.00363748054114019,0.0560293149175135,-0.274379703461524,0.073703969863867,-0.330731936062727,0.0598277775596199,-0.367125870120953,-0.0061417933789893,-0.30942015224318,-0.0360628950962622,-0.228577111613725,-0.0609786731986365,-0.123970434427279,-0.082560785830643,-0.0172779211178006,-0.0994981471545807,0.234408875263927,-0.0724428417640429,0.372117182983264,0.0207689312784285,0.19343290496848,0.00434743701934494,0.218494858525218,0.00431206449838386,0.225004658941204,-0.0529246650645961,0.00640777258655755,0.0348274781717832,-0.000707094147342237,0.0282476683561425,-0.0225517809095523,0.0198811486053338,-0.028379584199296,0.00994144802516952,0.0202005586895507,0.01891631757701,0.0715163083974388,0.0308626697068079,556.088976693478,"brunneum","Male"
"ORTBRU010",0.359835171366367,0.0495803309860787,-0.00187216965692856,0.0602703970070943,-0.266906441168765,0.0850465635071846,-0.320817356902995,0.0774502275030925,-0.376886385467955,0.00255486621201968,-0.319791045772243,-0.0408775661784316,-0.188189646944566,-0.0849694119336096,-0.134304648309291,-0.0950554781267872,-0.00878008041548394,-0.110185584928984,0.234240826564849,-0.0664741831755543,0.371102928233744,0.0141243535522473,0.201023257161747,0.00723617921699044,0.220160768806058,0.00622652506040638,0.226539739160846,-0.0479212758014686,0.00246095510447043,0.0397395501579542,-0.0051609888112252,0.0280455255505883,-0.0348306338989513,0.0192629113182025,-0.0369303103574175,0.0112512270300497,0.0090113486357928,0.0146431221546728,0.0700947126719471,0.0300517208882548,811.257419072393,"brunneum","Male"
"ORTBRU011",0.364092161730169,0.0530654795052526,-0.0140828665270032,0.0567553137634595,-0.268359229742802,0.0767310792173917,-0.324038443153255,0.0643420233307478,-0.358986516967195,0.00135617338836937,-0.313939720988857,-0.0317365372421853,-0.221715600791905,-0.0650062117939455,-0.128490260923513,-0.085561153556363,0.000755336587792243,-0.102332286550863,0.238123967651094,-0.0680459900137578,0.37169800930045,0.0207079274165829,0.203566171525335,0.00304302234812118,0.228993347466298,0.00104483518305105,0.230225612547553,-0.0506635592308334,-0.00407397301466413,0.0325898654544428,-0.0094492137153275,0.0259534904322384,-0.0275395013863358,0.0203163739244777,-0.0360251882047053,0.00775103470023886,0.00226342040235521,0.0122415999316915,0.0669824882045173,0.0274475197918822,422.50384613634,"brunneum","Male"
"ORTBRU012",0.360858455821399,0.0591552548489317,0.00131579117707103,0.0581802107747236,-0.250055953630312,0.0808058848394271,-0.316778428408573,0.0685845681877997,-0.366340200300786,-0.00241439356629475,-0.315567458323698,-0.0380472843927829,-0.236307960710678,-0.0721055356997221,-0.14928041558495,-0.0958553663451982,-0.0305635466747867,-0.117281037227307,0.232694942106842,-0.0675599723758428,0.368770106679915,0.0253693010652304,0.197776513661063,0.00911793099961692,0.218970190018319,0.00559242411740627,0.228171450578437,-0.048255688059098,0.0130158193377121,0.0371580306388349,0.00326104392990727,0.0280878327745389,-0.0237100292604337,0.0200798101706928,-0.0307284432343756,0.00656188451756606,0.0166733787499021,0.0142594381985882,0.0778247440680234,0.0285667065328902,605.860545010153,"brunneum","Female"
"ORTCAN001",0.359231845465609,0.0547938508533689,-0.00764531064257245,0.0555189287829702,-0.26974082850775,0.0723912958160063,-0.329298877115431,0.0635865181225311,-0.365717900882197,0.00044366460981697,-0.308575763438687,-0.0276628303312152,-0.216055064188925,-0.0626849969961111,-0.126487385441933,-0.0841342804090577,0.00902660704124731,-0.103509697172837,0.233654602164708,-0.0750238577871277,0.384705737097924,0.0222973290169217,0.193287497028646,0.00273111311541048,0.221908714140112,0.00186150015217903,0.226957363190508,-0.0539061555169519,-0.00396800787801856,0.0329024167803202,-0.00926180338202322,0.0284009725034329,-0.0303842613156256,0.0217057995333504,-0.03797810801351,0.00667265010434418,-0.000280089218091162,0.0140525994185685,0.076621033896011,0.0295631794040781,594.065568771663,"cancellatum","Female"
"ORTCAN002",0.358681761620074,0.0550273035470621,-0.00220832837772649,0.0565248712921616,-0.253836562308175,0.078642267767577,-0.317461050631965,0.0651393107576865,-0.365406310636635,-0.00158355456506344,-0.308046820708575,-0.0388888347228127,-0.22697892862666,-0.066667867940047,-0.138655679243654,-0.090890151836495,-0.013568872642069,-0.105418690022688,0.233829690092418,-0.0680239730582606,0.38063192278775,0.0214912583477617,0.20523837730569,0.00309091299986837,0.229431473163833,0.00455418036409124,0.227851587024845,-0.0515754117797554,-0.0011456977193088,0.033863452123984,-0.00606302938825439,0.0276503188629552,-0.0305752763718998,0.0211851961912849,-0.0427455454740698,0.0114201622904819,-0.000893343209025441,0.0142663853579798,0.0719206333434088,0.0301928640222287,631.390766483008,"cancellatum","Female"
"ORTCAN004",0.363167757569954,0.0491308770069219,-0.0103023807678916,0.0564129589339413,-0.275515916973429,0.0786853185707826,-0.326879548509723,0.0662054512475169,-0.36737270804688,-0.00418532378988986,-0.304966094854377,-0.0335893702576718,-0.208100734928108,-0.0645565628555018,-0.122861795827544,-0.0797734052454363,0.016006497125313,-0.105592225326014,0.243138600369828,-0.071782696060881,0.376993390626836,0.0162188923837629,0.199817177136781,0.00435593673885098,0.21888862460316,0.00124160518431005,0.23036655021398,-0.0584273941603037,-0.00155721638852289,0.0376197405935979,-0.00911667591417628,0.0309127609468282,-0.0338341736948569,0.0220278154918668,-0.0454154147290755,0.00988859975710257,-0.00163724094620723,0.0156600177421665,0.0591813039349411,0.0295470030980489,533.562133214118,"cancellatum","Male"
"ORTCAN005",0.368064986908416,0.0462342248584021,0.000544719611615084,0.0591767890313811,-0.269074782768267,0.0788606163462073,-0.315897424486057,0.0677660212661912,-0.368121026853338,-0.00394243439418084,-0.30630810967531,-0.0404285441107758,-0.226559246661467,-0.0682657243766294,-0.135273207088425,-0.0910619962403275,-0.0160541007618027,-0.107985806667304,0.233822967294864,-0.0629293290718046,0.36660525074095,0.0181161338154337,0.20312168804088,0.00802523271190879,0.226089933029717,0.00513718311621335,0.225645616756656,-0.0467151950875892,0.00499657255225825,0.0363902158456971,-0.00683459392780931,0.0257305240511501,-0.0313365340978961,0.0208040659364445,-0.0358305747689186,0.0103249903637711,0.003350675547468,0.0156134994683346,0.0790471906064658,0.0291495331374774,561.802011388354,"cancellatum","Male"
"ORTCAN006",0.345112486592575,0.0537612324258026,0.00539226374191002,0.0557030024335455,-0.273930118895289,0.0736146782583077,-0.318048124073895,0.0645176459555747,-0.369466730084938,-0.010710642362074,-0.311604399581562,-0.0341437853370892,-0.252123044549222,-0.0520389381722967,-0.124138753873751,-0.0848519129632624,-0.00556083524768667,-0.103922780191292,0.239540289680414,-0.0673441621540082,0.365455777370872,0.0216753070243441,0.2069859984295,0.00280291429583311,0.228730371907989,0.00305165438721371,0.229608543473445,-0.0520607592683591,0.00917898624286205,0.0334133754335512,0.0015079332525179,0.0259190875694819,-0.0213268026150883,0.0186031428575951,-0.0310046027706073,0.0121394251451336,0.000366230707561142,0.0137993564947209,0.0753245302923937,0.0260721581672769,626.323478723255,"cancellatum","Male"
"ORTCAN007",0.359956626895759,0.0535515662851861,-0.00356398107275436,0.0484907354311595,-0.271559728695233,0.0662961233186185,-0.321703065266925,0.0565821322020195,-0.367252894936113,-0.00341617665412855,-0.31662039318529,-0.0281627897990085,-0.23764016016204,-0.054640781036997,-0.128000690068787,-0.0750603016187066,-0.00501944308400551,-0.0940593699532979,0.23897849093727,-0.0652422093500379,0.372264564693492,0.019966376226026,0.200471515077768,0.00204134857640557,0.222558452241157,0.00320380572872408,0.233939223318381,-0.0514992829506297,0.00162317160173796,0.0296062682188083,-0.0054519186004115,0.0252786069278025,-0.0228105375313691,0.0206494702142432,-0.021955996891541,0.00884563218853429,0.00263610908253102,0.0126579424920909,0.0691506556463735,0.0249109035531877,615.648398032513,"cancellatum","Male"
"ORTCAN008",0.352648201652137,0.0468625306713262,0.00295355727312925,0.0503345169832876,-0.277264031418175,0.0674848514521228,-0.326930412095487,0.0611544779987861,-0.374467919696197,-0.00679007851780977,-0.321283401991475,-0.0286282438600672,-0.224024619113869,-0.0617990869547325,-0.129940203456561,-0.0770894151585781,-0.00753200534806876,-0.0939805542374779,0.237662520786798,-0.0634867224114999,0.361318653249819,0.0188810983118458,0.204958729302022,0.0058268634558231,0.22871956147337,0.00252707105680017,0.229520787439016,-0.0509096102685752,0.00974591023633548,0.0320552039338509,-0.000346379519048264,0.0265671888914336,-0.0176691869060072,0.0218611825407414,-0.0254982124383025,0.0102852057234819,0.00475105752961118,0.0128627078899078,0.0726773930409543,0.0259808124993326,616.051783537715,"cancellatum","Male"
"ORTCAN009",0.360630343122625,0.0476167099713216,-0.00536673971803494,0.0548039436166379,-0.267894335685531,0.0718347513504432,-0.321696483416168,0.0647571998418508,-0.369109933448823,-0.00287338908186063,-0.310367784870948,-0.0294116156808006,-0.21940576218422,-0.0645144340822671,-0.129687864746841,-0.0811013253868283,-0.000212089242178408,-0.104404153085374,0.242605926328755,-0.0679156552760914,0.373819680632098,0.0226124620242983,0.197160372739287,0.00611555545681362,0.222528644524233,0.00245476730729946,0.2355703683601,-0.054580295820069,-0.000693971254751702,0.0338306019399212,-0.00814867201397646,0.0277663607556445,-0.0282427496823428,0.0214272243748309,-0.0389371029824785,0.00939326046090621,0.000552175038147937,0.0153119501245784,0.0668959785010486,0.0268760811887434,530.899142964085,"cancellatum","Male"
"ORTCAN010",0.367685957071192,0.0493116980300409,0.00136358799194394,0.0550886077748863,-0.27264444331505,0.069899065427758,-0.324261732557294,0.0558520987744289,-0.368772123367417,0.00259757914872111,-0.303579153720676,-0.0332923509823412,-0.236542219996003,-0.056178040172954,-0.124291466927916,-0.0810408958214338,-0.0112668649579699,-0.102124361099293,0.234481329302365,-0.0656240820815194,0.376602978530583,0.0231258340899089,0.195779642867977,0.0043040161903804,0.220897190891185,0.00398759330090232,0.226166900433029,-0.0482195080080885,0.00559057863909696,0.0329934781512014,-0.00137428468899825,0.0257332780757472,-0.0263430720199395,0.0189365005585737,-0.0336123858520948,0.00623142238815061,0.00225362848680953,0.0124166223648886,0.0718659531891766,0.0260014438900423,580.035645456381,"cancellatum","Female"
"ORTCAN011",0.370893924449939,0.0451834159928239,-0.000753266276473194,0.0694040119259447,-0.266257222037661,0.0824320291617175,-0.320731683757873,0.0681511950880953,-0.369472253717244,-0.0139829324284891,-0.299516306356927,-0.0492767958854086,-0.237294318882457,-0.0701677430068725,-0.116805719891658,-0.0943384158795856,-0.00186722968577195,-0.103625971578646,0.226439065289611,-0.0626345994827801,0.383988532261572,0.00659931772009936,0.200937079006298,0.000889288991171371,0.21654971125212,-0.00719303448909531,0.210141715345471,-0.0408828583896835,0.00285144007000172,0.0425520204118212,-0.00888060672306133,0.0330605422649562,-0.0325708679343376,0.0255472335555792,-0.037233489440147,0.015306639399079,0.00500090097081341,0.0222898083164461,0.0745805960577871,0.0306868483128294,444.897066746905,"cancellatum","Male"
"ORTCAN012",0.354795907594672,0.051109241556413,0.000996784068347982,0.0580222809990187,-0.26198885676751,0.0769490652865541,-0.31674597091237,0.0690109886333768,-0.37077898773854,-0.00666271569232454,-0.316515558430854,-0.0405173925818845,-0.246045092096825,-0.0638483226353434,-0.128459950295611,-0.0887922552529113,-0.00649166163218515,-0.106289375143397,0.234050661976764,-0.0651563708659019,0.368400448258492,0.0230840571647578,0.198222257282217,0.00556677030741782,0.222843132558972,0.003136085655907,0.22562780015504,-0.0521957757915607,0.00715087172428027,0.0343728475483015,-0.00217896673434412,0.0246228654268609,-0.0223957996791203,0.0188567732100894,-0.0321136848082741,0.012537886290166,0.00909269618456927,0.0172013191510245,0.0825339692922787,0.0289920267334365,579.015327949097,"cancellatum","Female"
"ORTCOE001",0.365669913377379,0.0495318095580703,-0.00138237238111501,0.0679963702564925,-0.230009302187415,0.0892659460979277,-0.322826896788875,0.0754838129048651,-0.362433478581672,-0.015740896319371,-0.314202740531938,-0.0471090510413188,-0.234584130876255,-0.0831480696453098,-0.150118494112395,-0.100103405969932,-0.0165133490799549,-0.116396291770878,0.229033633020498,-0.0708672234815686,0.376520461975336,0.0192813282444747,0.194059981406726,0.0103187089423482,0.219619359139599,0.00741574316065027,0.217867804297207,-0.051300999586081,0.00477284959340512,0.0416333871224819,-0.00137456700849074,0.0327352835608753,-0.0288664840204667,0.0244784196828,-0.0409882423525006,0.0120212381912693,0.0131791208410765,0.0194765118340547,0.0825769342698519,0.035027378258148,592.957334046894,"coerulescens","Female"
"ORTCOE002",0.368347258137021,0.051659323393805,-0.00224508196616823,0.0635034890928156,-0.252235601687472,0.0806826249243147,-0.326743093838372,0.0665696344055081,-0.366790635063569,-0.00711444776960906,-0.314725183760878,-0.0404244852280676,-0.219369177164437,-0.0791946956616736,-0.14266025878799,-0.0905322051185427,-0.0104341376328968,-0.108352731043161,0.225286973622081,-0.0750395751708412,0.379460076717327,0.0223829263119854,0.189550933744246,0.00620195090879482,0.217801469106527,0.00507411244046093,0.216467691243784,-0.0552016360368377,0.00748892041780107,0.039889625722949,-0.00102867050838767,0.03382132437873,-0.0260696711527504,0.0217424826940416,-0.0341284209883549,0.0137870032975977,0.0129892241489243,0.0172469827756728,0.0790373854135665,0.0332982956820556,515.237566565172,"coerulescens","Male"
"ORTCOE003",0.359513049119168,0.0476479847731822,-0.00306571741777478,0.0647862600026159,-0.247294051702993,0.0853152998247971,-0.33284565602763,0.0669964552715878,-0.370714198481848,-0.0114123196696808,-0.313233363043038,-0.0446381506402812,-0.236271980374641,-0.0698040258331049,-0.128100808893153,-0.0877385691658093,0.00681793183082851,-0.106002070346565,0.229155917496059,-0.0690660138646356,0.376194925048691,0.0165368387073375,0.190411846361155,0.00613575435912414,0.219453777210122,0.00485525488965233,0.216898051292578,-0.0532314934315853,0.00768255080562237,0.0388239396420408,-0.00395335864249194,0.0302031934558263,-0.0322086145859191,0.0204046118374601,-0.0383071530740286,0.0121755406448058,0.0131690004963987,0.0163859462426645,0.0866978525828959,0.0316255633005678,569.693557976567,"coerulescens","Male"
"ORTCOE004",0.359414379402406,0.0507108581336872,0.00356461323791831,0.0669914482784948,-0.252571578476844,0.0830126743243657,-0.328233989085284,0.0680279211961793,-0.370929779775606,-0.00870973767701255,-0.326211832954888,-0.0401228705239815,-0.203632414847927,-0.0849246169579887,-0.133523196542748,-0.0895672062710198,-0.0169789025152306,-0.105217313857197,0.232691927657087,-0.0704433088775663,0.371905602438401,0.0178501773158177,0.192244796879623,0.00559609905321136,0.219850676093257,0.00398794060033756,0.222292624282294,-0.0587537291050551,0.0116314459663578,0.0438059084665573,0.000403071303999902,0.0317198769969005,-0.0321300727120351,0.0247502896128064,-0.0399829870305899,0.0135735540752558,0.00788186384865247,0.0174350554322966,0.0823137528311565,0.030276979783912,572.138007826783,"coerulescens","Male"
"ORTCOE005",0.358018772561253,0.0495844754387241,0.00170501401282177,0.0686473328794485,-0.244966754907136,0.0864286956789958,-0.326586255004892,0.0754380802162773,-0.372515762345107,-0.0109110461096775,-0.314834336261018,-0.0419664883327106,-0.208981183885028,-0.0829504805329485,-0.142540695293648,-0.099337342130469,-0.0133463236754309,-0.112279098364802,0.234099369556799,-0.0675974318147907,0.37081218040278,0.0154640142507359,0.194504160957016,0.00678366015765652,0.224443087796189,0.0032979529022604,0.227544545331329,-0.0526506165589967,0.00569259331905075,0.0419831895746693,-0.00599127479035746,0.0334884198278925,-0.0297097015802551,0.0233319875598726,-0.0355368174950551,0.0135533561638371,0.00219118828614907,0.0175742558930584,0.0759981930145383,0.032117083300965,745.980830852911,"coerulescens","Female"
"ORTCOE006",0.362123751530101,0.0523186134768674,-0.000362351107397286,0.069372210645265,-0.259413478214881,0.0912219100632635,-0.33139387441815,0.0790943657724407,-0.369705074651129,-0.00860658741134354,-0.313904169072912,-0.0440038751711082,-0.208148870113487,-0.0850925021769836,-0.12147753757624,-0.0951009110065736,0.00559697686405942,-0.116506586691223,0.228319471439327,-0.0754720301344681,0.374476305757193,0.0165646569836141,0.187424346564869,0.00802761810864509,0.217471464478554,0.00442264557983244,0.218649774358781,-0.0610278572720657,0.00534937845011397,0.0428182578832844,-0.00187194834501633,0.0337326967316523,-0.0323809354276203,0.0244120908884818,-0.0429756344622156,0.0129964516004545,0.00535298988080358,0.0173142797079214,0.0768694140652464,0.0335145524220423,1005.81576344776,"coerulescens","Male"
"ORTCOE007",0.366484470573586,0.0504319952867993,0.00455347965602703,0.0643692512041924,-0.252164518001071,0.0829303444422364,-0.332343451405722,0.0732045445967998,-0.362177288384711,-0.0104592818451651,-0.313126968491782,-0.0393531225319911,-0.235207249809539,-0.0716783404146312,-0.131514428264746,-0.0950850233265981,0.00346447478781601,-0.111752840028016,0.231603241583592,-0.0697307244301936,0.374063755722738,0.0172218949287905,0.185340916122463,0.0105515151618972,0.219707397052157,0.00494666873933289,0.214762667170999,-0.051951756512335,0.00496066433411748,0.0371713135127325,-0.00572085371626588,0.0302507135697867,-0.0268354757144279,0.0210847688481556,-0.0369359565530557,0.00757521120079742,0.0075347481274829,0.0154779424875403,0.0835503752103429,0.0347949251098695,478.180196160401,"coerulescens","Female"
"ORTCOE008",0.357133748879895,0.0499028097248578,0.00221131340687281,0.0655028021614882,-0.244463576774862,0.0876158858847208,-0.324167349615467,0.0730260160936552,-0.369658269698992,-0.00339685244927691,-0.329032914762492,-0.0419113628540754,-0.21791562046892,-0.0870831622346394,-0.14067230765408,-0.10514356907906,0.00205048655287075,-0.113261662937017,0.22907319744576,-0.0713371746530937,0.367149675054973,0.0166665311889235,0.191904331153829,0.00990514298150054,0.220069402700344,0.00425574299227525,0.223325629372595,-0.0498698331727355,0.0086916963495733,0.0391796194080414,-0.00270173441954959,0.0324818076703948,-0.0241755465742269,0.0267370506539811,-0.0396803213891939,0.0144518776702737,0.0095808355225548,0.0169722648066859,0.0812773249185135,0.0353060661430997,407.808226989108,"coerulescens","Female"
"ORTCOE009",0.383574709831461,0.0365329729903376,0.00189683082933926,0.0692666401693849,-0.24352292229754,0.0831828975758223,-0.324330813132481,0.0731338750015493,-0.372539630016282,-0.00690579082136208,-0.316287464687173,-0.0473837126812997,-0.211377576792396,-0.084618620365429,-0.145039822804657,-0.101154234937791,-0.00675697055881575,-0.115221969558631,0.224911640497858,-0.0625497820875646,0.366616214864179,0.0121045774019268,0.194304507911932,0.0122457835131939,0.217950249280203,0.00684032508458927,0.214096664409743,-0.0399953396873064,0.00838557249394978,0.0417637363078107,-0.00489779246931742,0.0315674956544715,-0.0299305701758155,0.0229170103907615,-0.0408980255087513,0.0128719337929662,0.00977313216266844,0.020901845386597,0.0740720661618916,0.0345003568699729,431.049185128565,"coerulescens","Female"
"ORTCOE010",0.3591952744993,0.0519361133774779,-0.00883165693128424,0.0670813884808537,-0.249180194258511,0.088344557255443,-0.331615055088759,0.0725965182857114,-0.363713322395151,-0.00344961470966324,-0.296973496482785,-0.0418743278540313,-0.207734507655104,-0.0760062532985872,-0.139430431027859,-0.0912988393607435,-0.00110700077225141,-0.11695673001949,0.246890317971756,-0.075526332105014,0.374870976257035,0.0224811061675973,0.194581891217324,0.00221676990778438,0.225210640026018,0.00212501346214112,0.233301435330204,-0.0593856143782147,-0.0046583376147241,0.0404614940927082,-0.0131789282434347,0.0324358160313458,-0.0406984597481632,0.0258071186255934,-0.0494652974050864,0.0095153571871913,0.00208562789541679,0.0170772388491643,0.0704505244260592,0.032419220002731,540.95249329308,"coerulescens","Female"
"ORTCOE011",0.359250823091652,0.0475416271476334,0.0035000545468275,0.0679725832402993,-0.238762205507179,0.0904797144574673,-0.322546283286878,0.0758856004863653,-0.372236267278278,-0.00717050550940827,-0.321425306937865,-0.0485049168525276,-0.211410409142411,-0.0917699874664434,-0.147156804777504,-0.0996571116110775,-0.0179424169052055,-0.118777930696518,0.228483767140956,-0.0690677241401186,0.372327851718222,0.0150310354714541,0.195740836815865,0.00863218524402468,0.220543603426573,0.00918570130398554,0.221581273517376,-0.0475609133996526,0.00614832341055395,0.0418876665661146,-0.000677841937004767,0.0331405355782996,-0.0264425049724926,0.0216730318737313,-0.0370352044376299,0.0138053992736026,0.00718638378483583,0.0225415956590273,0.0808723277295859,0.034732413373743,577.867761689472,"coerulescens","Female"
"ORTCOE012",0.353562104345573,0.0601892161927451,0.0071471950541838,0.064456123373231,-0.23415921995619,0.0895288531454668,-0.32576174119992,0.0769005829902388,-0.378416328322437,-0.00391905838149409,-0.323056207848794,-0.0480888232454168,-0.228473055698275,-0.0875633994287158,-0.14645688804167,-0.103343117205187,-0.021726550503726,-0.122614074195989,0.229170534918597,-0.0683793177492081,0.363244349286577,0.0206774469526286,0.191662175441878,0.00773121253528432,0.216550754833088,0.00627436784510989,0.220087536201994,-0.0528618965812555,0.0156427436929041,0.0389881226086407,0.0062773802491265,0.0325399037486351,-0.0191892692612064,0.0240426983020868,-0.0297210416857519,0.0146672811230629,0.0174031523503732,0.017908263255396,0.0862123761436755,0.032865614714741,449.275806159201,"coerulescens","Female"
"ORTGLA001",0.35486282480721,0.0480751912873735,0.00781609181356552,0.0627709074913654,-0.250479020114032,0.0917493068008525,-0.329931221819945,0.074303256074543,-0.382848961930425,-0.00809137524965809,-0.315848288011606,-0.045414432666805,-0.222192312210635,-0.0835318417615991,-0.131780015680349,-0.0977704291040281,-0.0193559822769558,-0.111226336159192,0.230172777331509,-0.059584722523977,0.359892826535803,0.0111627613187906,0.200869470069443,0.00942063208932208,0.221303597557501,0.00556666501492635,0.225928364330384,-0.0446778442592703,0.0113640845760945,0.0367141202722201,0.00168964968874509,0.0265521431118813,-0.0178574624369581,0.0238892558127571,-0.0275312178725966,0.0137253819088512,0.00968159668102703,0.0165789884237613,0.0742431989622214,0.029788372117884,456.68654457954,"glaucum","Female"
"ORTGLA002",0.363517159421434,0.0576457593188959,-0.00681395342187199,0.0779340760395421,-0.251895539403584,0.102110879865377,-0.333832309877174,0.0825623335654146,-0.362662891973116,-0.00455483617470917,-0.307668032802378,-0.0485082990350419,-0.208371219884172,-0.094484755717577,-0.118766174594822,-0.110438342503131,5.73188001977663e-05,-0.126622442125419,0.222841279333548,-0.0805908714653546,0.3821889845482,0.0131367765467576,0.1878798318784,0.0127695990256363,0.214201760309331,0.00564985669287714,0.214049212842292,-0.0624226173976474,-0.000146770079849068,0.0458122788922649,-0.00404085504823021,0.0337841936962158,-0.027667953721003,0.0270948633338213,-0.0416623781073676,0.0122009300184506,0.0023538976780946,0.0197984233268822,0.0764386341020712,0.037122194096745,857.190002274875,"glaucum","Female"
"ORTGLA003",0.35752783993403,0.0515592629883537,0.00170626791650955,0.0633424079656751,-0.265503585117757,0.0788936309097661,-0.340439676899019,0.0612469848466359,-0.36954395000107,-0.00974016115444926,-0.317056842267739,-0.0367806956696277,-0.230202982970051,-0.0709875879998605,-0.113777193808003,-0.0869277090306004,-0.0281745887290605,-0.104031737353903,0.23158199703234,-0.0736867152423129,0.36982445094174,0.0175038150319362,0.19166848724436,0.0076082334333702,0.218237553109749,0.00500961979157809,0.218203490204945,-0.0557673346950051,0.00981107071035603,0.0392930307886766,0.00189773880674607,0.0301009430789915,-0.0114556531492469,0.0245143392839461,-0.0186706363424337,0.01365377059552,0.0179097994619438,0.0152473435574138,0.0764564139216588,0.0299485588738971,553.586262474061,"glaucum","Female"
"ORTGLA004",0.35262918533692,0.0493565994598401,0.00432614139583575,0.0611547642432816,-0.259508317692494,0.0829480390039607,-0.334950729599274,0.0667066702346876,-0.384057481393644,-0.00781156877147982,-0.313082354837704,-0.0432891323826015,-0.221271376361427,-0.0726464829317256,-0.123829196969922,-0.0837292984743043,-0.0158282409312561,-0.0977960592920049,0.234716894292274,-0.0674661759219963,0.363827882286332,0.0181564120604739,0.196013811727559,0.00262756701417164,0.220966963395876,0.00480890877356892,0.227147791206347,-0.0539263577320989,0.0114010057612302,0.0338950413511465,0.00386215920852173,0.0284790152151165,-0.0206598918785407,0.0250942748541799,-0.03041312588595,0.0107583857205303,0.0102311627591823,0.0145105745361278,0.0784777181801334,0.0281688230391257,784.68770858221,"glaucum","Female"
"ORTGLA005",0.384099961342206,0.0588724388755378,0.00580264556851961,0.0695024055048081,-0.239267589755556,0.0836850291289317,-0.308821255853347,0.0704230207154444,-0.363827058306002,-0.00592915595848235,-0.318448563486944,-0.0482119010415297,-0.224635887273,-0.0892047493971425,-0.14307557290096,-0.097044886399183,-0.0490493115763354,-0.116653171741901,0.221385600435203,-0.0688325354866196,0.382267809664775,0.0217415957267586,0.190791636191447,0.00809953452916099,0.218640484633702,0.0066963209962824,0.210206023692551,-0.0505870987639538,0.0100703969139503,0.0432284049848326,0.00110840260809068,0.0315861403015315,-0.0243771234559065,0.0244908572805864,-0.0325504835462121,0.0100177941008705,0.00223505026020833,0.0166422318898917,0.0774448348436111,0.0314777247541758,340.971406425817,"glaucum","Female"
"ORTGLA006",0.354295430421868,0.0446769895047015,0.00948096254483193,0.0592328506680177,-0.262341482687297,0.0832519353887845,-0.338793034504538,0.0667519607180193,-0.37917278982582,-0.00785787414616112,-0.317247684962593,-0.0384661783207692,-0.209659398329235,-0.0758807524535097,-0.1309640489993,-0.0867541115270536,-0.00942406233165127,-0.10304432803506,0.231928412058918,-0.0647194523680715,0.364261838838942,0.0152325514541133,0.199295846298981,0.00744904953201013,0.221783638370001,0.00334067863498118,0.224130170733446,-0.0486063882458477,0.0116989147452601,0.0353709693294343,0.000489302936951922,0.0304029722061642,-0.0212539750916124,0.025387243751809,-0.028210505446251,0.0113146596467802,0.00267595337310189,0.0135643524108257,0.0770265118559969,0.0293528718508319,637.262269399342,"glaucum","Female"
"ORTGLA007",0.356758298924725,0.0510399281562301,0.00341017436619652,0.0653146338638004,-0.259515441281913,0.0838246780650023,-0.332161803754796,0.0688873631102313,-0.386499484957739,-0.00422552357622681,-0.312639216607963,-0.0405957959264278,-0.231420872026037,-0.0736759784798772,-0.108996489551835,-0.0934564473213788,-0.00430934078885056,-0.102539400987325,0.233324119152948,-0.0680856389939471,0.361351143412219,0.0142048633459844,0.1923900652393,0.00587169682966294,0.218729762726798,0.00264206097807629,0.226397972411923,-0.0514833474194938,0.0123878748950168,0.0371903445988732,0.00189213685746457,0.0293724076703287,-0.0204730916685092,0.0214211326304338,-0.0283640908270633,0.0101050044084915,0.00847496146726785,0.014692595580665,0.0692633220108489,0.0294954234668959,512.869720299415,"glaucum","Male"
"ORTGLA008",0.340763055682434,0.0477275985495603,0.00689740398122387,0.0642042465183485,-0.255311532092641,0.0863319773665804,-0.329280006381283,0.0683057251859072,-0.382909869323044,-0.00637133183731446,-0.323208517892308,-0.0453230209861365,-0.224043423333569,-0.0764765411879378,-0.125067769944048,-0.0878639784829443,0.0110625973853515,-0.108762673326428,0.247985639103241,-0.0718243844889632,0.355953781286328,0.0108066747533727,0.197766084236947,0.00923872914728006,0.220060175670674,0.00451695619482966,0.230547860022325,-0.0571641606510971,0.00961511393618023,0.039514853927721,-0.00513400038717597,0.0319539378036131,-0.0223914665138937,0.0268394118983114,-0.0321531931822398,0.0143870532018978,0.00734006030523689,0.0197184214626967,0.0715080074402624,0.0302405049507015,405.010987505277,"glaucum","Male"
"ORTGLA009",0.359643225281435,0.0430215827945271,-0.00338996566050802,0.061708842622549,-0.267382395772635,0.0815389201911331,-0.335497816640228,0.0677519874062904,-0.377121908724566,-0.00684959502580615,-0.313903273643025,-0.0389589638399713,-0.202069030377964,-0.0777640041573813,-0.113001794428256,-0.0857407392939374,-0.00301187973350102,-0.103657038195725,0.235877548695971,-0.0694825962493482,0.369268492872384,0.0071560014342372,0.198898494683039,0.008115709448283,0.223900875440642,0.00136184808413068,0.22720016252675,-0.0499694295153671,0.00393441527848693,0.0371935516049353,-0.00649733216468801,0.0303539276799436,-0.0269336452116297,0.0262162686324752,-0.0319086128554672,0.0157558591508298,0.000342003279035429,0.019919325003544,0.0616524371547275,0.0323285422246571,431.989988309914,"glaucum","Male"
"ORTGLA010",0.34725391907694,0.0433505752822346,0.000518733000768835,0.0590144448404821,-0.273095081352833,0.0818483782226476,-0.347896149245783,0.067352834645198,-0.386919468914391,-0.00733388636197761,-0.312482430945827,-0.0397539433947063,-0.201145206004577,-0.0695682388844692,-0.110259752448091,-0.0802830654510386,0.00578847324168503,-0.092762371100117,0.233604533812243,-0.0702766534542741,0.369412651506616,0.0137300436065746,0.192719001131995,0.00361160308746708,0.21983802279313,0.00257202419284466,0.22581617654143,-0.0553508989490622,0.00925976086884036,0.0355354972537775,-0.00174722082188063,0.0292042080568128,-0.0259531000144438,0.0224160694610893,-0.035503351125416,0.0121739038216432,0.00994732797341177,0.0157397898234187,0.0808431609261829,0.0287796853014543,479.573352053677,"glaucum","Male"
"ORTGLA011",0.353719289800987,0.0487520515685233,0.00716443970538675,0.0615703784680423,-0.263456343146372,0.0808101412813943,-0.335958686416622,0.066879811979199,-0.380877256024522,0.000241387177945162,-0.321616909083618,-0.0443987268707297,-0.219351555079653,-0.0740245077145203,-0.114627607292526,-0.0871296431517845,-0.00811666532479729,-0.102145583843286,0.232950055573014,-0.0722965149317696,0.365395342968951,0.0150953281312979,0.191644452340153,0.00859964632940086,0.217450531021772,0.00764391516771692,0.224551273212392,-0.0498387037464177,0.00805562064764363,0.0356964922744969,0.00225141517549721,0.0285272731606587,-0.0200737500402057,0.0238146856990418,-0.0260138072747873,0.0129596158905962,0.00914781429283762,0.0153516045464117,0.077762344944468,0.0238913485837824,542.427460588049,"glaucum","Male"
"ORTGLA012",0.354199108643511,0.0433263262796229,0.0017260951743894,0.0528581431714334,-0.269082353106998,0.0560467355423861,-0.341210158149002,0.0455843072342699,-0.384355364721716,-0.00932931033145806,-0.328206871743888,-0.025642273766798,-0.223442955335042,-0.0464726637304664,-0.109494434554595,-0.0607790648479065,0.00549753342312627,-0.0776267394737182,0.236914442002409,-0.0696717312172577,0.368614709025369,0.0137571234684617,0.197047484190175,0.00275287946259863,0.220387559974997,0.00302445552175917,0.226454639691244,-0.0502999217848898,0.00709730129722366,0.031494062267746,0.00143204441700003,0.0234333846595816,-0.0244444817743549,0.0221521951687437,-0.031660270561153,0.0105590999647932,0.00384704050784125,0.00971708386067886,0.0886789315994653,0.0251159085504176,366.990463091345,"glaucum","Male"
"ORTJUL001",0.359850659531148,0.0414309335075929,0.000903393710500647,0.04675482795698,-0.274781757219089,0.0437723888888517,-0.355138601023053,0.0328418100290003,-0.372878607125423,-0.00729256275202126,-0.322420252005151,-0.0169330747795879,-0.218959076946282,-0.0316448808652583,-0.114181883117565,-0.0456798389421055,-0.0083056539884449,-0.0718651726907938,0.238774016150027,-0.0615641267468459,0.371450644451881,0.016753047640969,0.20366428364524,-0.000398130878149073,0.228002359139011,-0.00162399495947245,0.225670264054198,-0.047135579803516,0.00617013435716169,0.0254573858641745,-0.000323255703471926,0.0223814221286385,-0.0286021627359185,0.0185519801482754,-0.0366088447973595,0.00529162812606829,0.00320727597827394,0.00820067820498557,0.0945070636443155,0.0227012599222152,701.046467789404,"julia","Female"
"ORTJUL002",0.379999354234866,0.0361395421802457,-0.00737715455040094,0.0659828507940965,-0.257223622071644,0.0842107703286871,-0.329450370539946,0.0644508730812199,-0.357434388544148,-0.0133716100194988,-0.304358794931384,-0.0436408079959163,-0.218444093667371,-0.0738807694287906,-0.131531314797318,-0.0859350457121679,-0.00963942901093312,-0.100358029593483,0.229929322686015,-0.0646630781618996,0.382169546606546,0.0173122266970307,0.195892309200309,0.00515663907434327,0.221156745223341,0.000127539955119809,0.223976992321979,-0.0483746766630221,-0.00432083192792023,0.0384539459918762,-0.00974768335354099,0.0309971024328882,-0.0305846453065707,0.0252953984481732,-0.0408032606167601,0.0135416960274224,0.000995920437153427,0.0190071670317013,0.0667953986077289,0.0295482655319726,694.916901506936,"julia","Female"
"ORTJUL003",0.372787815615856,0.0365894902966276,0.00489082415838198,0.0568192562391793,-0.245545173539937,0.0830298707202163,-0.325476868552915,0.0600861485821473,-0.359824199296136,-0.0128905013413434,-0.321729545852271,-0.044863969793131,-0.247762550430473,-0.0725631251898345,-0.142884536964612,-0.0925461723495771,-0.0227859222031022,-0.101198331288359,0.229514026421782,-0.0538137598103398,0.360985970201101,0.00644145599383858,0.200436758744205,0.0121180603239471,0.221110468805467,0.00505320016692757,0.232016303359784,-0.0318148793936394,0.0107232877923011,0.0363048946841149,0.00178044320811463,0.0260825691234212,-0.0257359999894893,0.0232972026272689,-0.0305073793302597,0.0138193043066367,0.0157984640243476,0.019966511381103,0.0722078138278559,0.0300827747207977,472.058206156826,"julia","Female"
"ORTJUL004",0.365396464688033,0.0400152728594011,-0.00363577141526158,0.0576272111670689,-0.263911378225295,0.0760936570609514,-0.344925878666964,0.0601069262350723,-0.369674207512015,-0.0101501069946562,-0.304912583523784,-0.0374428815634889,-0.223240206046674,-0.0608819130386089,-0.121307884060149,-0.0762239130594876,-0.000570967603524498,-0.0874968726497165,0.234643270093441,-0.0635398334510272,0.370124252081627,0.0155024668788862,0.201886131581969,0.00401318509059017,0.224301921943952,0.00175375468176338,0.224457865250339,-0.0502499369183531,0.00309685719188566,0.0323864826159103,-0.00692843580646314,0.0273871529366924,-0.0302680386290658,0.0208708197905466,-0.03657431796227,0.00859276603296766,0.00409789571717911,0.0151589066702954,0.0779450109030403,0.0264768556551924,1045.48778089464,"julia","Male"
"ORTJUL005",0.363640246942963,0.0473064951368193,-0.00253904360406087,0.0584246390687976,-0.25437639312433,0.0787736030347723,-0.335095114349269,0.0619312739603402,-0.36879194294442,0.00234113648963584,-0.301743760290731,-0.0421870981960969,-0.215715633263218,-0.0736494966426378,-0.128890968586775,-0.0853820498342695,-0.0259084903737262,-0.0967771847210162,0.240189548623471,-0.065323864969251,0.372605420932184,0.0163100672126834,0.200928079570249,0.00675079535486895,0.228393260452183,0.00169320769899425,0.23098540625693,-0.0484829983441225,0.00282247058776419,0.0361376786634421,-0.00801805658768482,0.0286681419880932,-0.0333027969326467,0.0224391485068935,-0.0409881225777704,0.0115490601044649,0.00218475503160851,0.0121184256960592,0.0736211342372797,0.0273590197915297,961.233868525241,"julia","Female"
"ORTJUL006",0.358971654539656,0.0246980479329478,0.00354513775049998,0.0790657539998495,-0.279732155953554,0.0892335125844157,-0.354600376542311,0.0596702624059677,-0.378335226583888,-0.0288110588609158,-0.319866572822686,-0.0559313162438993,-0.208749967055807,-0.0807224663318157,-0.0943947550419789,-0.0860105372049304,0.0185898766199271,-0.0904753468557391,0.225426384462367,-0.0748010195119342,0.359011134658898,-0.00634680610726166,0.19053565866075,0.00109564743531573,0.213016426680893,-0.00378500772356082,0.21452573907366,-0.0579886719406197,0.00947460340989032,0.0534198649391754,0.00333723248709299,0.0442627860198891,-0.0196918754654843,0.0378242650451469,-0.0263311860366608,0.0260441368678457,0.00983020605083821,0.0299467749913433,0.0754380611078977,0.039611178558781,839.963778980975,"julia","Male"
"ORTJUL007",0.35843862584161,0.0470222325323669,0.00295721125323517,0.0635869760801563,-0.25068126977054,0.0834761716266039,-0.328159496004687,0.0666639415537126,-0.366853654411537,-0.0113458990581816,-0.321379453616443,-0.0408929609876358,-0.234056191915662,-0.0706571910055063,-0.130820850657107,-0.0905006917857006,-0.0135851860930701,-0.106688177614124,0.232027127417206,-0.0695983666580124,0.366542284642806,0.020702026491216,0.198649567883761,0.0074756996326687,0.22103059482693,0.00719435937796688,0.224914484642095,-0.0498860642576463,0.00613203533267876,0.0354921490481678,-0.00697476976463123,0.0293699560023784,-0.0233371793651679,0.0206836163597401,-0.029396657997471,0.0143191174245939,0.00865769500864381,0.0169089600343513,0.0858950827473509,0.0266741452028864,763.722855491441,"julia","Female"
"ORTJUL008",0.357297626401779,0.043518682761939,0.0069332656556283,0.0632183809863734,-0.26323663749186,0.0813396528109966,-0.336359776019564,0.062821922431055,-0.362885815500503,-0.0106518971737157,-0.318085227052826,-0.0401000065072581,-0.227829569095408,-0.0737988309062508,-0.129703046157508,-0.0892894446520121,-0.0288706884787679,-0.0955233169816912,0.231945330528127,-0.0598820033034447,0.366579244125966,0.0170601874997604,0.20537842520102,0.00567540508192814,0.225337425992038,-0.000394538787058885,0.22145862207129,-0.0469209349249913,0.0119806705154668,0.0352816304339,-0.00103022997476109,0.02833902435912,-0.0215087364056256,0.0223443080143357,-0.0288053621261878,0.0126541266566264,0.0111995256940845,0.0171802559927042,0.0802049521176127,0.027127396207686,892.33152471489,"julia","Female"
"ORTJUL009",0.360643999270076,0.040782815450642,-0.00482154312857674,0.0604391478759526,-0.264952493120364,0.0778956602304864,-0.342235697026845,0.0590126138384749,-0.366295004274564,-0.0102634994766926,-0.317009686980128,-0.0370517959458315,-0.219762977975643,-0.0653221791994363,-0.118000943267974,-0.0783896505989179,-0.0024951959099566,-0.0916401436688747,0.232624994512391,-0.0636454125750909,0.373559178572676,0.00733638781182494,0.199062838016899,0.00707377701551469,0.224384378196793,0.00356610889573719,0.22363490964642,-0.0465712925039658,0.00227623108811479,0.0346810778738238,-0.00757702438968013,0.0281310598739565,-0.0265857683452485,0.0200978513588813,-0.0328099733146516,0.00994866293546469,0.00789685821554087,0.0156637024234322,0.0784629202147232,0.0282551083846203,1312.74801466237,"julia","Male"
"ORTJUL010",0.368179324434755,0.061830738382186,-0.00119247251688932,0.0827511827812554,-0.24811370463704,0.113947599035173,-0.319182473908856,0.0940671665671278,-0.347345287805799,-0.0101600410886221,-0.296254230887078,-0.0583097338926602,-0.229526394650655,-0.0935236292506638,-0.115009027908823,-0.125715783186756,0.00119325474472899,-0.142774889028265,0.220498969202336,-0.0943522085659416,0.391678672480483,0.0262936032380981,0.185241317120168,0.0116438844680931,0.218869153898157,0.00544278502644802,0.210459114908854,-0.0693058343349624,-0.00237044758724532,0.0517534943553361,-0.0109188805544675,0.0376771703061917,-0.0328575713960675,0.0277227171194307,-0.0439588902032141,0.0154652304315613,-0.00745407436824206,0.0250966075523787,0.0580636496348941,0.0404499400845929,710.86285597153,"julia","Male"
"ORTJUL011",0.358883720194325,0.0500002399647934,-0.0318658499027698,0.0554775868496313,-0.290860446005688,0.0681233881917759,-0.361888707618059,0.0577336122938539,-0.370848682387649,0.0156055030904667,-0.288454967985577,-0.0233734849534232,-0.202684115464718,-0.0458407374288448,-0.073281048988077,-0.072214959191623,0.0503970598737715,-0.0932541598839792,0.253986831015847,-0.081198421059169,0.3758667024821,0.0162195818087103,0.190603372532797,-0.00207220951835926,0.220192333618968,-0.00400562456012248,0.240173432017198,-0.0654140297961203,-0.0181653871927627,0.0300532345986312,-0.0209002130464192,0.0270407319961221,-0.0376626353926278,0.0205284874323651,-0.0427800955735683,0.00892667127490556,-0.00875633928911941,0.0106440162256115,0.0580450371120283,0.0270205726647729,561.874674638393,"julia","Male"
"ORTJUL012",0.370084910426199,0.0469098169868081,-0.00355878288702089,0.0591366271279606,-0.258239224684612,0.0826797469324736,-0.335753735676339,0.0683318460168332,-0.361111086009548,-0.00884784937461294,-0.310511456540656,-0.0384139876403148,-0.218717818980681,-0.0702716011637988,-0.118992981061492,-0.0820803493336571,-0.0236537712017576,-0.0978771812088261,0.233417366306654,-0.0661688575505266,0.378469842394314,0.0225829518050144,0.195229181361763,0.00395828946659906,0.224073417188207,0.00400371260060084,0.224879898230046,-0.0509687767708982,0.000910701996967107,0.0318162665949468,-0.00592752445655403,0.0253357912079487,-0.0283191727285199,0.02091602677878,-0.0390446618930057,0.0089732764211514,0.00283819779350186,0.0118650512679489,0.0739267004225338,0.0281191998355697,1283.22172674873,"julia","Female"
"ORTPRU001",0.356058482050524,0.0495684530094034,-0.00229595934362416,0.0643703189558224,-0.260618358966197,0.0812565641056413,-0.328915328353076,0.0673610307579001,-0.373251750423495,-0.0117740211355165,-0.311298084178295,-0.0463135919723246,-0.215727708942218,-0.0710534274419224,-0.116360846414373,-0.0844530586320588,-0.01698626803544,-0.0978529016711969,0.231265878495367,-0.0669932131953149,0.376692990786441,0.00852052012493218,0.201886247058098,0.00196705271291948,0.229209968289508,0.00114626952434003,0.226217556406427,-0.0525739218994779,0.00238069420577267,0.0392507074452665,-0.00776148684464213,0.0302744958932866,-0.0292440610965099,0.0250935923584445,-0.036678121009695,0.0142587587188003,0.00163957737346009,0.0178481006401584,0.0737865789419662,0.0300982717008976,861.294229633521,"pruinosum","Male"
"ORTPRU002",0.34958815398792,0.0457733485728769,-0.000347745554854401,0.0631307775424221,-0.260423053912823,0.0817318441863759,-0.325880609810226,0.0663669006729989,-0.374169118608425,-0.0122566689991413,-0.32253255038129,-0.0406289835369202,-0.228351115595424,-0.0708342939505361,-0.11306749247322,-0.0860356338095101,-0.00975801843135975,-0.102425089929716,0.23885391492531,-0.0705145530058754,0.36358399398421,0.0144778306892704,0.202321584095264,0.00494724386022,0.227332000242129,0.00500463137556519,0.227083382808548,-0.0535245706715509,0.00486546422704068,0.0390347510352214,-0.00465131587280854,0.0292151840559979,-0.023594253437829,0.0249158159811535,-0.0325925384477566,0.0139367863511959,0.00452765462738372,0.0180200825544814,0.0772116636282094,0.0296645970254701,787.861631252595,"pruinosum","Male"
"ORTPRU003",0.352500440180818,0.0481048855928625,-0.00654579326279889,0.0619433030237477,-0.265373418606158,0.0801691340290248,-0.326225661879907,0.0688818805074213,-0.370257226504997,-0.00661622827520348,-0.31744765570468,-0.0396861746913638,-0.216352943086528,-0.0727714740406736,-0.119828903468655,-0.0822420963386011,0.00274916643216821,-0.0971424189317453,0.240771793674805,-0.0686129774924999,0.370598630818461,0.0124716046283595,0.200965484528051,0.0029564660205354,0.223444135390418,0.00254128728576615,0.23226282878235,-0.0530188258693771,-0.000588997330298518,0.0374841805267469,-0.00869974508706663,0.0272655895962138,-0.0300951946435869,0.0232318101986373,-0.0390463166365886,0.0116303339968669,-0.00376740745329603,0.0166885789128862,0.0809367838574887,0.026721141320397,874.24864884082,"pruinosum","Male"
"ORTPRU004",0.358215589775239,0.0433214156089684,-0.0136030710683905,0.0630079723964199,-0.255082638364556,0.0812775536094531,-0.323639196954476,0.0676581970760293,-0.369243229749766,-0.00470941865436872,-0.31953416954791,-0.0406020270162399,-0.207663567837275,-0.0786793071117294,-0.118916959719445,-0.0879146933669958,-0.0122664569554542,-0.103240132660241,0.241194844600703,-0.0686626619298494,0.374782247579023,0.0157065736207028,0.201010985569553,0.00693711459555155,0.227290379312745,0.00198822972345475,0.230816197667692,-0.0551405446012343,-0.00389204479090984,0.0387281451952029,-0.0114143089130841,0.0313005253470053,-0.0273191850374695,0.0227314388777259,-0.0351266265161611,0.017396263268935,-0.00550933585330712,0.019303215723633,0.0699005468032506,0.0295921402975756,473.254001567868,"pruinosum","Male"
"ORTPRU005",0.357882537830882,0.0425006960427602,-0.00556611011962518,0.0567711939600817,-0.26641661509546,0.0773207304159909,-0.325808162542986,0.0662698527643965,-0.374139724941252,-0.00416553418342308,-0.325705310823712,-0.0326520289041418,-0.207659181545534,-0.0745319462822543,-0.1163011432266,-0.0828263222896577,-0.00753604817127518,-0.0992131947922065,0.243362738826305,-0.0623221362100699,0.364561078715282,0.00987002762060734,0.201752327739425,0.00848177733889368,0.223883905165882,0.00562356232374625,0.235667882772617,-0.0487268360781892,-0.0013961849746733,0.0340028270612499,-0.00791196871309541,0.0246755622674745,-0.0247043389111269,0.0208125219383864,-0.0323180069265051,0.0134243759465992,0.00141502713575463,0.0181571166560954,0.0669372978056992,0.0265277544036609,1002.77133485157,"pruinosum","Male"
"ORTPRU006",0.358216331491924,0.0508007493349989,-0.00779359220420177,0.0656744318707939,-0.284127438742019,0.0794704580670206,-0.336494333344428,0.0686069124193896,-0.370485175669577,-0.00829600492337552,-0.305035661082782,-0.0420682961374172,-0.220203524832203,-0.066860482581901,-0.0982482355434727,-0.0826259945342517,-0.00286712655165065,-0.100024477752842,0.234552864253013,-0.0752204502322718,0.371209883919612,0.00935027177044714,0.197234110851886,0.00472776693549233,0.223421135593137,0.00126123279117865,0.2225133591698,-0.059146001554723,0.00210981257844129,0.0387194075457698,-0.00580854855403007,0.0295258927787093,-0.0189587713805875,0.0239479401133581,-0.0274388150692281,0.0128262166931621,0.00101513002437113,0.0170701490548079,0.0671885950919948,0.0322602783416549,704.962410345403,"pruinosum","Male"
"ORTPRU007",0.358263384483342,0.0387230884782708,-0.00653694271732747,0.0546511863106927,-0.255458509560105,0.0796034201101998,-0.323115167892349,0.0695764423920722,-0.369501359403085,-0.0084833633967013,-0.318244390791461,-0.0414019695852423,-0.220570643151585,-0.0711467071046238,-0.121408711077477,-0.0827641187420305,-0.0180718623440053,-0.0992822680293689,0.250723967025152,-0.0550158604112644,0.369441153839353,0.00479412810096877,0.202258108837049,0.00855008162781122,0.226188804404252,0.00578410718930019,0.237155498897252,-0.0404818203888292,-0.00186334717340187,0.0330622319206376,-0.010761637664166,0.0260068113334818,-0.0298167931603677,0.0195157380855086,-0.0334560041390651,0.0144417668296971,-0.00352740339723375,0.0160180612572458,0.0683018549852299,0.0278490440221746,907.29915132772,"pruinosum","Female"
"ORTPRU008",0.355760421792071,0.0444368357955029,0.00319261475075716,0.0588482256967254,-0.253537638299428,0.081991931738435,-0.315756160773456,0.0705934537948658,-0.366226170070965,-0.010198034053039,-0.329568220838682,-0.0411259623433404,-0.216350369224275,-0.0782048111331323,-0.126695945788148,-0.0913856490105281,-0.0408629074363529,-0.103900225837747,0.238220359598251,-0.0619867763531692,0.377002574769886,0.0161763749921462,0.202233993872329,0.00924898157633332,0.226987716234668,0.00574689952931221,0.227176884430607,-0.0434283754856509,0.00420849515169406,0.0372714749608246,-0.00164334563707296,0.0264010053980473,-0.0260588411422945,0.0227097864316169,-0.0324118302046853,0.0135078751129951,0.00137527677619277,0.0163651371836792,0.0729530920389065,0.0269318520061231,573.250992149163,"pruinosum","Female"
"ORTPRU009",0.358840382640633,0.0420686405347767,0.000751808168834715,0.0609517665765451,-0.262514169094356,0.0727041012417044,-0.324051434747556,0.06118867084943,-0.377488567861154,-0.013849148500443,-0.318370765404163,-0.039917273546503,-0.224379127377813,-0.067683332862386,-0.129050928015589,-0.0772734530237141,-0.0152887668854513,-0.0894234411977337,0.235940262447921,-0.0678705056408919,0.366644047756712,0.0168381590182427,0.202727772029503,0.00577419303766226,0.22386733788449,0.00249773106930045,0.227725123230238,-0.0529564010834832,0.00707313548690996,0.0366949612531911,-0.000232339008468812,0.0287833759599162,-0.0244888613353401,0.0224617016525269,-0.0300595013715128,0.0123537468959861,0.0072181061237871,0.017546310594964,0.0751364853323754,0.0291101971709078,799.164532496281,"pruinosum","Male"
"ORTPRU010",0.361362665537592,0.0430816458568028,0.00112298693160476,0.0571934064011362,-0.262906927937681,0.0764772734981136,-0.321043283545222,0.069465161378756,-0.378119787622751,-0.00628646407151381,-0.311218215359216,-0.0433148274726569,-0.22104539664522,-0.0727463099838406,-0.138989799713871,-0.0897901048222861,-0.0262688085272942,-0.103954550201013,0.238412527828966,-0.0643916689580361,0.358813610308705,0.0126727238008738,0.199556981113753,0.0116292203042358,0.225507391804947,0.00710663385156293,0.231793505539931,-0.0433573843883079,0.0077397309750349,0.03615469048261,0.000791690048539621,0.0277670584355996,-0.0234557044610177,0.0223943630187558,-0.0249672750681834,0.0137430444122878,0.00348075873932503,0.0156429127120277,0.0794333500520569,0.0305131757448927,410.867375195452,"pruinosum","Male"
"ORTPRU011",0.364411389090942,0.0444063507505393,0.00229855607323342,0.058249258872047,-0.25784882678287,0.0785280305703448,-0.320438464768142,0.0685842223708798,-0.37326079704479,-0.0100578497736577,-0.325958201188527,-0.0380862721010954,-0.235568116650462,-0.0724734549549292,-0.110155640632946,-0.0861699718757759,-0.0124964769624369,-0.10388561832233,0.236347579707538,-0.0647076404169136,0.362138334397274,0.0106929040017878,0.19976514716618,0.0107134971692932,0.222740678886856,0.0093883895800891,0.225707209932481,-0.0464414123621468,0.00156599089830099,0.0337791683652177,-0.00473665041591186,0.0278444627863284,-0.0222343846625776,0.0218250264710306,-0.029896721924723,0.0127646011211011,0.00504527132485364,0.0161482735674548,0.0725741235557264,0.0288980341807359,880.351066336606,"pruinosum","Male"
"ORTPRU012",0.366439256758202,0.0489037649267015,-0.0127252846504819,0.0651888989165625,-0.273396263306688,0.0791237409095945,-0.331110660789999,0.0641844679168848,-0.360375859630851,-0.00736136442683404,-0.305391293665554,-0.0369366399405806,-0.220913843211186,-0.0634486023590652,-0.0998824899173386,-0.0834304452955164,0.0106860159490294,-0.102516607372306,0.236390577680495,-0.0779042225341037,0.386985290602898,0.0145163970990979,0.195300060280592,0.00384417413801115,0.219613719245014,0.00321432069327025,0.22144886165366,-0.0619044320535369,-0.0056036449951449,0.0399253266533874,-0.0126089660833925,0.0309524465290528,-0.0304237875330836,0.0237002194832534,-0.0412435560981699,0.0124431314533777,-0.00323636675540213,0.0176070323117811,0.0600482344673993,0.0298983929509675,1147.02811648189,"pruinosum","Male"
"ORTSAB001",0.36605894327463,0.0500992511104319,0.0047163583672551,0.0646694685223734,-0.241851039303485,0.083464081923687,-0.323468699202487,0.0637459967678242,-0.365551938458105,-0.00782671860461731,-0.308163311891999,-0.0457727230065466,-0.240850406292818,-0.0688393473086583,-0.130963399890167,-0.0886601968627938,0.000105695792555595,-0.105900728835121,0.235544132811987,-0.0654758676396662,0.374607040110955,0.0120611612631615,0.199430645983771,0.00633538556452043,0.225166378076735,0.00361037680862065,0.225729669480552,-0.0490846858495961,0.00223096498490073,0.0370097302615481,-0.0066921950898686,0.0300587246030443,-0.0353374292735131,0.0246114588276803,-0.0474050314777595,0.0114167564607366,-0.00312097046799849,0.0168151539498189,0.06981459246486,0.0276627220435501,515.829574568966,"sabina","Female"
"ORTSAB002",0.369291033663364,0.0525237182154854,-0.00307296924999216,0.0654491466695466,-0.242570104228847,0.0814078356864191,-0.322036144523823,0.0658795297780657,-0.363928787078966,-0.00665524265450239,-0.307860831577644,-0.042524956525745,-0.232858996036096,-0.0692853098611255,-0.134047483075948,-0.0891564645124498,-0.00274470053321054,-0.109048846393216,0.233445532688844,-0.0673586888924611,0.377948280559205,0.0131252460315121,0.199436654932219,0.00722783320015497,0.224361244823713,0.000314140518535842,0.227891943445784,-0.0471022104298404,0.00224938664929483,0.0349558204732757,-0.00532331398099593,0.0280600210788278,-0.0393762586986112,0.0214047210496791,-0.0480623070996975,0.0120613723235331,0.00290465759649035,0.0169248872563546,0.0643531617249188,0.0317974469879487,526.146510014083,"sabina","Female"
"ORTSAB003",0.36072544001908,0.0458241102605976,0.00328136029223196,0.0620098285705973,-0.245692534301025,0.0830971899374583,-0.323242273168004,0.0634603530369671,-0.374824404174223,-0.0192952515204358,-0.316252061717134,-0.0429587574562744,-0.236174522331203,-0.0692801601862531,-0.129527598821208,-0.0842308149726992,-0.0228684165108441,-0.0991818063408898,0.236092554215336,-0.061999249277063,0.36254423865048,0.0147688041067039,0.205614147909156,0.00654189038993452,0.225029614363371,0.00183043281420001,0.230372139340979,-0.0528430948720612,0.00637500128465259,0.0354985463843363,-0.00112901638286747,0.0289378449218542,-0.0268331291170538,0.0233552399148084,-0.0339333323906818,0.0155491099252598,0.00623824776530668,0.0189431976988143,0.0742045450736515,0.0299725866641436,764.526127741884,"sabina","Female"
"ORTSAB004",0.360562317790617,0.0504950134080124,0.00104483690089014,0.05886272958244,-0.251800705010182,0.0813701784659291,-0.324427657338773,0.0690922154186601,-0.378409763340347,-0.00517953907478417,-0.310235880907076,-0.0442505454604256,-0.216822231039488,-0.0730110296511125,-0.122828034897521,-0.0868092956229512,-0.0260635535741542,-0.100817244420568,0.236959587795175,-0.0696294944020071,0.376191096719767,0.0220745598326848,0.19934586089548,0.00603081259657169,0.221919886012974,0.00320737634895334,0.228102091808902,-0.0545066633193511,0.00651055654468792,0.0356605508366957,-0.00423183667393378,0.0259158891987014,-0.0279023848374012,0.0215965679914541,-0.035672967118448,0.0144037234442801,0.000197998979179327,0.0183530425749078,0.0675607812896506,0.0271411522519113,807.244882300284,"sabina","Male"
"ORTSAB005",0.368763133424945,0.0370301841668264,0.000549388302971488,0.0538808513434497,-0.244439276311015,0.073516761350072,-0.321033631388232,0.0612150113773819,-0.379869693621911,-0.00693937292460248,-0.317933549400986,-0.0426559404473566,-0.222587558792059,-0.0694079715188097,-0.126238266769409,-0.0793619707291871,-0.0168407131026375,-0.0968301192520486,0.236080634953588,-0.0537228615112988,0.371910683573979,0.00480996342012051,0.207852584855347,0.0103451081849159,0.225348567649672,0.00677584662691104,0.229368544824903,-0.0389912215535311,0.000244250766628631,0.0345069627316997,-0.00608735670087766,0.0272962708227291,-0.0336637400899269,0.0171391854755885,-0.0355484113841104,0.0138734710285512,-0.00401274610338182,0.0195824253442669,0.0681371553125117,0.0279374160643214,376.106301462765,"sabina","Male"
"ORTSAB006",0.364995922310814,0.0477336305231462,-0.00048609723474618,0.0651170300064479,-0.255313963389035,0.079445338503815,-0.334837552510839,0.0603532746664719,-0.373622338043181,-0.0129999310874305,-0.304723418628161,-0.0452033268449076,-0.217018045932375,-0.0681187222561853,-0.115654439115957,-0.0762834545183428,-0.0103015874340363,-0.0930466870564982,0.234724257670962,-0.0705275901652182,0.378591637739676,0.00703443089561911,0.204526628601285,0.00346987788483629,0.22119726045541,0.0017355981071003,0.226299224669675,-0.0553441455445411,0.00262717754724487,0.0362359343540434,-0.00575928686789168,0.0313528248576694,-0.0328692964970724,0.0248431226738796,-0.0428805057602554,0.0147921309069652,-0.00250166805360968,0.0177973638706554,0.0630060904720937,0.0316133002224741,1076.59569941552,"sabina","Male"
"ORTSAB007",0.35914719329857,0.0471929475894047,0.00121777830534146,0.0599972834792834,-0.243515818826144,0.0791765047750854,-0.32509668281075,0.0623054556413412,-0.36980905422587,-0.0142545593447469,-0.327289880373731,-0.0395633230333979,-0.211284043827829,-0.0734664240112958,-0.135559968599481,-0.0801040843495479,-0.0224441043258965,-0.0983847191672001,0.240616257886196,-0.0646430214466329,0.366941969331334,0.0137489325342148,0.206390329565088,0.00535407923039775,0.229547350872202,0.000750281793412066,0.232961383170115,-0.0516842359736911,0.00587239989177059,0.0380075448396489,-0.00256767590136625,0.0288545126689461,-0.0309172489073997,0.0224571899029647,-0.040053628979416,0.0158467942697303,-0.0026677925967682,0.019244863135213,0.0685112370540322,0.0291639774668706,758.196940115166,"sabina","Female"
"ORTSAB008",0.359934211312844,0.0497617283687008,0.00292670808232199,0.061353385831838,-0.244298434438722,0.0824175417231414,-0.324680479990565,0.0717394079679378,-0.376928223008102,-0.0129974916976288,-0.315425530823549,-0.0447020100498202,-0.225787058691264,-0.0741186165491571,-0.122166464985441,-0.0839923811299028,-0.0226671560377717,-0.100625896768797,0.235302307288543,-0.0677705745292054,0.37163365396525,0.0210849531124265,0.204836781430676,0.00545248761538221,0.222919891748933,0.00278383763503598,0.228338021343291,-0.0558087698436435,0.00595830226074056,0.034806386691776,-0.00325178117887233,0.0275217153081663,-0.0273714290842709,0.0214209592795246,-0.0358390529221118,0.0157198370947918,0.00403270580704947,0.0183098067989108,0.0625330279210226,0.0276436931405222,808.249342715477,"sabina","Male"
"ORTSAB009",0.365679400695824,0.0486581393941515,-0.00263499419343011,0.0604629911627633,-0.246858890170316,0.0758209851920431,-0.327497142531117,0.0638388720367788,-0.371190215828832,-0.01077995671416,-0.320468665560308,-0.0412150296964888,-0.222836225689053,-0.0659236898686894,-0.125174058330299,-0.0808603727801417,-0.0216385206863864,-0.0938606055218145,0.237842919459628,-0.0667566092095453,0.372917573199479,0.0168827392434068,0.200922567712387,0.0056522316182178,0.22143353865236,0.00266219234604005,0.228114722834495,-0.0520721275253828,0.00461511784386722,0.0335739814278552,-0.00175178232671193,0.0282176094599061,-0.0281563956010655,0.019500703039152,-0.0364877317402839,0.0102422794264545,0.00407460360107686,0.0154992309189973,0.0690941786586849,0.0304564360504571,647.515829922327,"sabina","Female"
"ORTSAB010",0.369213303993009,0.0537187326218063,-0.011129026084676,0.0645056123716501,-0.250979167564595,0.0804669932614271,-0.329017959085018,0.0676636263288545,-0.365277848737319,-0.00979755414199347,-0.302110094091645,-0.0425740168488971,-0.211684933441144,-0.0691170668561096,-0.124553908043558,-0.0812328270196448,-0.00317138172733448,-0.0956268540542885,0.2414148960964,-0.073370811261311,0.388364422163138,0.0142478979132089,0.197060475601098,0.00251169878654629,0.219369879020401,0.000868257404860508,0.228498119345478,-0.0611406404575915,-0.00649382688115498,0.0368904363692567,-0.0134096548530294,0.0302454982498795,-0.0354864479276398,0.0235061321368132,-0.0432698955467913,0.013289486683521,-0.00690033183662257,0.0165532306227778,0.0595633796010034,0.028392167889234,608.667643299691,"sabina","Female"
"ORTSAB011",0.355754871844594,0.0530902693525426,0.00208761370505067,0.0576377939037409,-0.240277857503718,0.0711186120668833,-0.329096336804233,0.0578828519637259,-0.376226746532283,-0.00720648378919405,-0.318859884042328,-0.0371004747490925,-0.232228650778834,-0.0588860768799712,-0.14167944143285,-0.0751756468166188,-0.0145592133036613,-0.0934071811401186,0.23704646324347,-0.0658502043424884,0.37157446404167,0.0210886852241355,0.207613091386846,0.00416618521876551,0.22630073266421,0.00325854654002576,0.229460330773158,-0.0493919187864544,0.00589010865931545,0.030075905675464,-0.00129402784978881,0.0248446070520604,-0.0250680595936032,0.0176490257593071,-0.0331634532664908,0.00823818852138899,0.00798602136401185,0.0126985116381117,0.0687399734254642,0.0252688035877847,1259.35410032286,"sabina","Male"
"ORTTRI001",0.35045652579286,0.0519862528270762,-0.0157510351474966,0.0543367892827558,-0.279084929473912,0.0718677398368005,-0.342514427280638,0.0572036517521188,-0.367699620841732,0.00762814064758405,-0.295779196770303,-0.0274390299352535,-0.222172891694322,-0.0509720496195388,-0.102019681029986,-0.0721991929598324,0.0191673363861048,-0.0948605140288572,0.253377804847152,-0.0723874176821543,0.381196181602311,0.0204524612278844,0.198515262768664,-0.000607109840151552,0.221387619397298,-0.00188509795993026,0.238611706732691,-0.0582940238409278,-0.00570808038223457,0.0286709320935223,-0.013378684696699,0.0245129770556669,-0.0316261077673225,0.0174021196614326,-0.039017058333195,0.00820127167172939,-0.00654150651612705,0.0113325353471169,0.0585807824068865,0.0250495644629576,1155.92555988697,"trinacria","Male"
"ORTTRI002",0.362306916161809,0.0374363573204631,-0.000792467789936144,0.0560249587998392,-0.247637825833143,0.0777187328367255,-0.327472211089449,0.0650727077542355,-0.379796549682457,-0.0111968427066568,-0.316756208236216,-0.0464306174962526,-0.220830057974296,-0.0715298504828263,-0.133435794510375,-0.082079189875527,-0.00149493853704211,-0.0956295979585663,0.236007044445385,-0.0605939660947453,0.374905255493146,0.0049925679998428,0.196889861737556,0.0111061028213215,0.216406197170414,0.0061466896533808,0.228960314555266,-0.0449288295740678,0.0049075627418755,0.0384225897227835,-0.00264060650853861,0.028602975394176,-0.0284391174931488,0.0214304557914585,-0.0350836286330845,0.0160024230423982,0.000474408367910947,0.0206948640168279,0.0735218456143241,0.0287374690351883,1200.82117736156,"trinacria","Male"
"ORTTRI003",0.368096367348925,0.0477930319900337,-0.006693163334534,0.0606140262982707,-0.246382257696056,0.0766141903607757,-0.335168123075753,0.0583071088753002,-0.371546917414289,-0.00474643029588034,-0.301754720298069,-0.0409584145784249,-0.209269059982799,-0.0644777934116314,-0.134617380344623,-0.0762468818085875,-0.0165514504446957,-0.0951020273973596,0.238974222568764,-0.0667822184637136,0.382964816259031,0.0190719692641391,0.20087191788438,0.00127806850769856,0.224598713668221,-0.00154431187840973,0.227721418675127,-0.0481204145806999,0.00270601405284635,0.0344729529733922,-0.00863428985366569,0.0281211813432137,-0.0375069099918251,0.0200080251753114,-0.04611448382128,0.0123678160084374,-0.00356954859575292,0.0140456510527085,0.0718748343960466,0.0252844705654254,468.290828438909,"trinacria","Female"
"ORTTRI004",0.366929945272805,0.0500186384065269,-0.013747265483442,0.058558419176511,-0.261420641580446,0.073712992687839,-0.339303430759026,0.0585762493085599,-0.368028923269739,-0.00123904144846014,-0.303032780946841,-0.0365189082200905,-0.204050711189087,-0.0631320416396347,-0.126375133323137,-0.0770867871488421,0.000202503259728122,-0.0956814031392528,0.234841824956292,-0.0721183071421631,0.378291424850852,0.0150196931196254,0.201362927946355,0.0019424474560892,0.224900474938349,-0.00079786693512402,0.232858199179628,-0.052946006357387,-0.00287246473276179,0.0344886979321331,-0.00860704820263369,0.0274372999961495,-0.0351846484177859,0.0221114503721408,-0.0409185420028352,0.0150581265677282,-0.00543338843928576,0.0154909028798856,0.0695876779430117,0.0271054441277639,492.584155246593,"trinacria","Female"
"ORTTRI005",0.35283866602818,0.058236667503693,0.00251700263696446,0.0640945348767427,-0.254033552178361,0.0934748105460256,-0.332961532782332,0.0751268505925513,-0.382520014904618,-0.00766111679219349,-0.311471215837459,-0.0455100406017905,-0.196992360083696,-0.0812466180328383,-0.119384056039014,-0.0925516841786432,-0.0162559252160026,-0.112097432910391,0.236084314638383,-0.0780509988417739,0.375627178441678,0.0141396267047469,0.195661786457687,0.00705869020236748,0.217045767254645,0.00363296569746677,0.226755509086855,-0.0584106228555211,0.00702417241314771,0.0403083893976967,-0.00296000943241067,0.0275464366919057,-0.0246823898396488,0.0264844483846318,-0.0336342153096127,0.0154431335991853,-0.00190836490570022,0.0175459792806438,0.063249239571315,0.0324359807354944,497.952005719427,"trinacria","Male"
"ORTTRI006",0.367280180359563,0.0500233699479977,-0.0106487158689843,0.0538871056166399,-0.269841785903871,0.0613474384051615,-0.339572970376414,0.0506645463106138,-0.376420770659085,-0.000417826771007939,-0.29623008556591,-0.0289270543540407,-0.212073881493394,-0.0513632463303427,-0.125599237475019,-0.0640332805120309,-0.0053897844306834,-0.0838693804983832,0.241553676801308,-0.0681711493710023,0.377219937753422,0.0171606412906277,0.200332468350998,0.00138923263427089,0.225365066864995,-0.000836188363900603,0.233306663602531,-0.0542556612863662,-0.00128276536173951,0.0273456362273325,-0.0104759860202836,0.0233346365546581,-0.0304726164588522,0.0190008250037603,-0.0372660445922344,0.00947872425797666,0.000640570808693109,0.0128614381163176,0.0695760796649611,0.0253801931217183,499.425970490122,"trinacria","Male"
"ORTTRI007",0.371310887471145,0.0395678219016552,-0.00461360722354005,0.0538729722908293,-0.239458715087112,0.0721072525756875,-0.325019165028538,0.062311585790766,-0.381621876903864,-0.00615858299330814,-0.315629811190216,-0.0373824814948733,-0.219047301259328,-0.0708176742431985,-0.135270244839665,-0.0775069408628693,-0.0124078259733373,-0.0962416951498067,0.230608048648196,-0.0523493588503934,0.384610093149132,0.0109277198326319,0.198806537739121,0.00961581989456331,0.218121870079367,0.0045296467557634,0.227250914127574,-0.0391890387651288,0.00301024355631639,0.0317951376301754,-0.00495142643849759,0.0237621640756237,-0.0275070409909407,0.0180153968073832,-0.0340685453857882,0.0123367536784662,-0.00255247897219844,0.0143615850008885,0.0684294445221738,0.0264419161251448,516.029020501754,"trinacria","Male"
"ORTTRI008",0.360302815761826,0.053056576152724,-0.000451512968187178,0.057062878764177,-0.246349460569485,0.0786827393728504,-0.327247984357873,0.0716368872974898,-0.380431442643838,-0.0066231058837177,-0.305032075103372,-0.0438876401817196,-0.228284684671425,-0.07195138806723,-0.127049615008257,-0.0866570856716772,-0.0166063667222827,-0.102699364864996,0.233892747038484,-0.0667247060726585,0.380596016311414,0.0148696124551739,0.197642193439262,0.0104310683305233,0.219463934089079,0.00538273515702731,0.223800297758353,-0.0521013312706014,0.00659687556349979,0.0344240970936707,-0.00249573851853676,0.0268170755248066,-0.0268406607541264,0.0209556623106505,-0.0301456289404963,0.0143860801920681,0.00077061531557389,0.0169443977088488,0.0678696749803887,0.0259948116525898,680.300448331471,"trinacria","Male"
"ORTTRI009",0.368646876278544,0.0565319409466129,0.0113383957187822,0.0644155711532444,-0.243563728296772,0.0897327480785987,-0.325074797225078,0.0723150290469288,-0.369111129670325,-0.00297115272606578,-0.311943963752697,-0.0462281122179401,-0.226413461259081,-0.0843367093709759,-0.136182842993386,-0.0972412590047205,-0.00460118943416415,-0.119150818056638,0.223450870324923,-0.0716420127572485,0.385227081289817,0.0195258733328814,0.190658176364661,0.0114310432644351,0.214700901043618,0.000436899977843338,0.211613725196304,-0.0511748813901517,0.00665073364667142,0.0392000932631735,0.00350391927191745,0.029350586629649,-0.0303544078219727,0.0226171295436422,-0.0335002844323024,0.0127650050660377,0.0031293074529709,0.0202857783702013,0.0618258182975676,0.0341372468504925,349.103136622976,"trinacria","Female"
"ORTTRI010",0.342756580590016,0.0464968666786134,-0.00130308901014082,0.0641023586836664,-0.240865541780098,0.08407251689897,-0.330064786570716,0.069369473020282,-0.37834095762447,-0.00209464359154466,-0.312799429429851,-0.0440105102341655,-0.236431211770455,-0.0725722895261207,-0.119402120988578,-0.0898288599706934,0.00972320532121698,-0.105805211319946,0.246499905812088,-0.0667185145124246,0.369213116379855,0.0109020869157075,0.201828575185431,0.00884483481827701,0.219832044822001,0.00377363201412561,0.241394288188549,-0.0515459963003648,0.0018134335852134,0.0347602721971284,-0.00590309213688029,0.0252143736465616,-0.0316124742011328,0.0207383872262654,-0.0310718016110023,0.0155539243821282,-0.0103363098270196,0.017754042898543,0.0650696650659718,0.0309932560749891,576.653925678131,"trinacria","Female"
"ORTTRI011",0.35915424386224,0.0592811789995635,0.0010676968813108,0.0639766694113731,-0.24358041356286,0.0842988598494876,-0.327334742078553,0.0728867569857999,-0.371103619158006,-0.00159160808838735,-0.314345210441718,-0.0411750730309573,-0.223246388270605,-0.0726529314276717,-0.129981560033293,-0.0896752986549999,0.000735827356848762,-0.111794856214329,0.238959912156135,-0.0694928944948622,0.376432553672482,0.0215308442998075,0.19321205541309,0.00615875989337611,0.216216960567226,0.00322388116718823,0.227917360883754,-0.0581534269426477,0.00528778827713289,0.0342979702740072,-0.00403070305621956,0.0265196991529544,-0.0357259304597775,0.0190354077637383,-0.0424037117520324,0.0118795003068326,0.00437081242341382,0.0145589354283081,0.0683970673194317,0.0268876253214201,368.605141038483,"trinacria","Male"
"ORTTRI012",0.370283504375311,0.050111485738319,0.00559891075227482,0.0565514801112998,-0.236824117949967,0.0779581755025125,-0.313970237399136,0.0666070130681881,-0.375654025584821,-0.00879767896297133,-0.317126288697921,-0.0406754791288208,-0.234609904675129,-0.0716090382085927,-0.138293459464941,-0.0895271361413369,-0.0202824173349676,-0.10705435066322,0.232938592720051,-0.0629170564188484,0.378564858330108,0.0157965135225624,0.19760620813497,0.0132894947225218,0.218670618758939,0.0062691344125539,0.223947789762993,-0.0457191087229647,0.00370837768481017,0.0343045194601376,-0.0037876182444537,0.0252344810669503,-0.0289515390697667,0.019163396304193,-0.0278544562504528,0.0145835580937589,-0.00212733594672494,0.0183669190485324,0.0681625400988236,0.0280636771952226,425.248339208985,"trinacria","Male"
"LIBDEP001",0.363056519322098,0.0494479297044731,-0.00603958494732685,0.0634225792593126,-0.256333838085592,0.0849392885472401,-0.322643050419829,0.0703879411738063,-0.369004157902086,-0.0139125011000409,-0.318758929884558,-0.0422728070754229,-0.213813852161314,-0.0771518900097153,-0.133104603507526,-0.0965055626053341,0.00256649236821249,-0.113060749696985,0.222850147505211,-0.0716728358730687,0.369581608439166,0.00918465279113118,0.20047101840959,0.00913015945420819,0.22990059655267,0.00169311422753896,0.216272423477059,-0.0522678633898812,0.000535381611645578,0.0440122433035871,-0.00636628011664648,0.0332331539308033,-0.0284693798867526,0.0283813886791144,-0.0375790373502286,0.0171159383768524,-0.000759080255722354,0.018248614511674,0.0876376068319301,0.0376472057907058,442.253038429359,"depressa","Male"
"LIBDEP002",0.340985566084377,0.0482860352343698,-0.00362470188353036,0.0561062216780357,-0.249137571711764,0.0816722266207852,-0.31884111598608,0.0727476507958179,-0.369168401138311,-0.0124816927143277,-0.328316497930419,-0.0346986019363709,-0.236936275010418,-0.0724444255780453,-0.127586553213222,-0.0904745083714046,0.0090136044998669,-0.100156264477559,0.240644199496264,-0.0638627727220311,0.371396969876892,0.0125432980021071,0.202076935067783,0.00815216623003056,0.234808338924452,0.00205788460556023,0.22732748572773,-0.0444469479094498,0.00281634331047025,0.0373795597704844,-0.00806620588473661,0.0259770454275291,-0.0272704293335039,0.0216663373767596,-0.0386304757845181,0.0123928456460251,-0.00779851161003805,0.0148303049841871,0.0863072964987072,0.0247536373374952,457.826167884711,"depressa","Male"
"LIBDEP004",0.352571196248403,0.0680845355274741,-0.00493106911798334,0.0643406483684486,-0.248429746206354,0.0916299425693342,-0.323472557363932,0.0812800555530726,-0.367350271188521,-0.0106049361249198,-0.320582501732064,-0.0380612858504097,-0.232173969453933,-0.0785362284017401,-0.121288643423354,-0.104104920949155,-0.000820023569973674,-0.123987763381186,0.227021361248676,-0.0873837786809776,0.368577046103874,0.0228407656187899,0.187971930677041,0.00988229911873183,0.221856610151289,0.00567191672849435,0.219613723832862,-0.0599264190049353,0.00307078272002344,0.0417050829062079,-0.00225329720505804,0.0305689831992837,-0.0215062934268896,0.0260727128606247,-0.0350447663256627,0.0120263229411293,-0.0033157262059073,0.0139898311194578,0.100486214237463,0.0345122358822731,458.993627406743,"depressa","Male"
"LIBDEP006",0.352477680821413,0.0504565788742625,-0.00201767956162482,0.056873439289224,-0.251337062987405,0.0784188489575903,-0.316517799650591,0.0717932646590353,-0.374998512415793,-0.00251203480690572,-0.323903635343853,-0.0364437694894581,-0.237526801787898,-0.0745332568570126,-0.136519682987606,-0.0946772578018035,0.00459363678409531,-0.111331338087644,0.232172556322776,-0.0655698452280554,0.363384074238389,0.015543446918645,0.197617465395591,0.0114857317186038,0.227811600257616,0.00970987037996146,0.224145943955171,-0.0456649803063986,0.000925829358790162,0.0393480770950165,-0.00887324086224471,0.0290587285726122,-0.0187479203889264,0.0212801756697164,-0.0284848933214512,0.00847960662357325,-0.000909365981216056,0.011667182110751,0.0967078081547683,0.0266175317082848,398.429793062718,"depressa","Male"
"LIBDEP007",0.36611337324334,0.0585146446579826,0.000702864572694514,0.0553574076627213,-0.250358379830832,0.0767001813979467,-0.313519267674255,0.0700396873844131,-0.362047495426889,-0.0072365976384301,-0.31005669439334,-0.0380338403585788,-0.23325539278692,-0.0711257579635143,-0.149229485441787,-0.0885328792743462,-0.0186623081702365,-0.112174537552478,0.228775096136229,-0.0687312663377735,0.382780902986028,0.0204146786480999,0.196821105531942,0.0121543142413515,0.23331395835881,0.0063683762852105,0.214243981966117,-0.0491065959537929,0.00284180834752909,0.0368736546586146,4.41562817971482e-05,0.0275127420526655,-0.026848112110515,0.0227883287932415,-0.0357159919565672,0.0101433168594424,-0.0102030181240524,0.0101890184168702,0.0842588984909043,0.0278851240203556,409.839480772656,"depressa","Female"
"LIBDEP008",0.361538936325856,0.0515441239755174,-0.000705984194002219,0.0543877508733798,-0.249012583258997,0.0754132272063734,-0.315080068461067,0.0655355583937928,-0.357026958986458,-0.00812628042078708,-0.317321735768484,-0.0357272439015614,-0.240984712760779,-0.0675843656069074,-0.151688738866539,-0.0863584486407896,-0.0110458504417275,-0.108835754762939,0.240394588866936,-0.0637536764259222,0.373237812209405,0.0176834812265988,0.195832463095672,0.0127220858532529,0.229520938514809,0.00574758141458744,0.22410575286517,-0.0461320865515317,0.00135081673293803,0.0344865000250963,-0.00917614545021302,0.025839839222351,-0.0280796148363578,0.0203496931816826,-0.0368895262027829,0.0121991083492139,-0.00567848111414698,0.0138130274265112,0.0967090917307699,0.0267958791620818,559.560541854052,"depressa","Female"
"LIBDEP009",0.365232983308154,0.0562645824441599,-0.000275369774199671,0.0601086964332695,-0.246793654967818,0.0802682356422346,-0.317945732082244,0.0693947141222566,-0.367466530688261,-0.0101220177894865,-0.315278262983352,-0.0395594980039571,-0.233699794208568,-0.0734949894065811,-0.140289242627482,-0.0933427895732366,-0.0237036808908308,-0.115359028766193,0.222974977119668,-0.0712552655646282,0.376733847942558,0.0230429987894775,0.19084167359601,0.0100631338548851,0.226009358250964,0.00501782632915373,0.216180655844332,-0.0501679005613179,0.00472436447315368,0.0385969929485523,-0.00298855329915856,0.0311361530741498,-0.0218767600361053,0.022970803704541,-0.030546860317164,0.0115105579153635,-0.00460583589536476,0.0137603118950708,0.102772417235708,0.0311664825122867,544.038877287276,"depressa","Female"
"LIBDEP010",0.36371814256829,0.0553738626167518,-0.011729302964843,0.0532579756622348,-0.254578451080771,0.0749774394146121,-0.321359010210744,0.0695318729135985,-0.368930236932961,-0.00365286654241184,-0.320071826440934,-0.0301546485210312,-0.203862362798959,-0.068768314596598,-0.138672007905179,-0.0862688421203707,0.000199169862769447,-0.104354161801277,0.230476438004045,-0.0689397255610169,0.37758167375956,0.0165950355600047,0.198152883807188,0.00894977319709018,0.230261195306825,0.00668604899028283,0.225278135347244,-0.0510539992211027,-0.00384914178136879,0.0342547115127737,-0.0144577105372072,0.0276239813399259,-0.0315622805891527,0.0205304520409904,-0.0417055513199456,0.00741610898296389,-0.00926083378591765,0.00974255232290018,0.0943710776920611,0.0282527438096795,486.648076128941,"depressa","Female"
"LIBDEP011",0.349419208659493,0.0520693475021996,0.00382077940962478,0.05599741062555,-0.240010983599436,0.0790623585100389,-0.315056106481297,0.070674096969017,-0.370955364796692,-0.0088089526208281,-0.325118382279794,-0.0385035818434405,-0.24943309101232,-0.0740631951349167,-0.144073882760629,-0.094452152445155,-0.010621350639824,-0.111473300220522,0.235103713928728,-0.0633207712849979,0.365629003462008,0.016810903567846,0.199772673616321,0.0124045636256581,0.225565058709788,0.00768399114552287,0.222027916979524,-0.0447127094531274,0.00950148591628248,0.0359870526558803,-0.0042469390272025,0.0276507661180597,-0.0224088402851508,0.0223164014797265,-0.0317659101867529,0.0109774974081393,-0.00330054948636752,0.0125051098122184,0.106151559873697,0.0311951635831312,531.98265949183,"depressa","Female"
"LIBDEP012",0.356445526382971,0.0660824716209871,0.000646699289083818,0.061679942214531,-0.24783182030066,0.0817529381718291,-0.319198560232404,0.0771373385689911,-0.368118212433506,-0.00737032170059302,-0.317453495207625,-0.0389503166133898,-0.231368411322328,-0.0728767269677232,-0.139587345454904,-0.0949102038762245,-0.0126535143948037,-0.117484201963179,0.22681398499727,-0.0742108476134607,0.370118498008606,0.0218698295668202,0.196352123077016,0.0100927217419809,0.232020869976622,0.00593319014215372,0.216486250587172,-0.0535223516983117,0.00425156788531666,0.0363390321292588,-0.00377010770393861,0.027812143761854,-0.0231710597366441,0.0213610406062177,-0.036359824469689,0.0102522512323943,-0.00144851655981254,0.0115246501774909,0.0978253476122603,0.027487420498374,547.489132312231,"depressa","Female"
