"","x01","y01","x02","y02","x03","y03","x04","y04","x05","y05","x06","y06","x07","y07","x08","y08","x09","y09","x10","y10","x11","y11","x12","y12","x13","y13","x14","y14","x15","y15","x16","y16","x17","y17","x18","y18","x19","y19","x20","y20","x21","y21","x22","y22","C_size","Species","Sex"
"ORTALB001",0.31481501533623,0.0702052782609176,0.0414061470032395,0.0605339667949172,-0.226911504110739,0.075529186157937,-0.281216933257753,0.0625964051860321,-0.324911252566456,0.0253195660527849,-0.328765264705872,0.0162223045380672,-0.268130714956226,-0.0293216756181911,-0.257475829929416,-0.0333008944430113,-0.0835395223759766,-0.0925207326992092,-0.0684636394863462,-0.0999826366265883,0.0558154096169505,-0.133334398561854,0.175342870168956,-0.1475045634362,0.337258133049945,0.0370875148024089,0.189486255754468,0.0111958327895825,0.24652958256303,0.0192089794531752,0.238449104875356,-0.00365418170393041,0.0427937828209697,0.0384883556980548,0.0343911449092648,0.0313196949322987,0.00419175771516686,0.0258778086434302,-0.0029015510659422,0.0154709617277746,0.042870719608945,0.019678505036657,0.118966289032206,0.0308847230149479,640.472836696026,"albistylum","Male"
"ORTALB002",0.330231031103623,0.0621034629099555,0.0513320651910785,0.0679664106519493,-0.215661473960762,0.0671207306505193,-0.276721365300424,0.0391663169076878,-0.327695946704639,0.0155065937731744,-0.331959159527344,0.00468813295481104,-0.280653313797865,-0.0343093849367973,-0.259748918475184,-0.0446387101372893,-0.0911415619120992,-0.0820285475132804,-0.0792377886410956,-0.0888086675747271,0.033557157662037,-0.114570331424122,0.138747058715487,-0.133126646417328,0.349814343319421,0.0272886455859999,0.190530770108528,0.0089168173336639,0.249151207155007,0.0149426601217573,0.239570714219101,-0.014591908006119,0.0539453151942619,0.0481870935589884,0.0424747695459421,0.0402189834053154,0.0108584520157282,0.0339519435241332,0.00227198208258601,0.0227555901195777,0.0551342415252735,0.024808548894651,0.115200420481338,0.0344522656174792,517.315140456429,"albistylum","Female"
"ORTALB005",0.312530058273864,0.0698234852951565,0.0566159884886811,0.0613133463176969,-0.217816642408069,0.0750574735080793,-0.280795089625039,0.0621590383366386,-0.329276838731496,0.0232820445443366,-0.3336707306797,0.0117667143393871,-0.279124082998758,-0.0354375264020618,-0.26574450258027,-0.0418645466028657,-0.088542527509621,-0.0943399664487319,-0.0809185384527388,-0.0985706647773135,0.0386357483806219,-0.131016360056906,0.155372189711087,-0.137984151899797,0.330658544145816,0.0378314363460246,0.187273933663369,0.0147398130548629,0.244154430653504,0.0220452880743615,0.233332121210253,-0.00284490088712742,0.0576453189718597,0.0398144629725571,0.0475773387521168,0.0324449717048318,0.021934322153517,0.0257440569680105,0.00975311170862785,0.0145634848829204,0.0586724104058634,0.0183143172146406,0.121733436466512,0.0331581835152992,513.672605318354,"albistylum","Female"
"ORTALB006",0.308522514952485,0.0629358563602449,0.0507374603607306,0.0548716023840835,-0.22075856639639,0.0776740363948452,-0.282238648127919,0.0672145116915543,-0.334573859998879,0.0263773782011807,-0.337247964523366,0.0158283424368438,-0.267175971057408,-0.0380802403880521,-0.256625191366041,-0.0407571613249362,-0.0905226606880934,-0.0940915703078493,-0.0831962739131436,-0.0979706615561317,0.0428925950751474,-0.134650274889391,0.179336204274912,-0.132207159411156,0.325635622727138,0.0347930448769359,0.192293487960822,0.0180807849977594,0.248198333877377,0.0198495497615631,0.235526954051213,0.00262773617453997,0.0536940540183288,0.0390766493638918,0.0435332569957358,0.0308766797758108,0.0196000173316855,0.0241467066929081,0.00638006519746816,0.0162705105025951,0.0515715949076115,0.0191832156372949,0.114416974340585,0.0279504626254642,650.225310600452,"albistylum","Male"
"ORTALB007",0.319709664835511,0.0651846522896617,0.0401160512606941,0.0537143646742271,-0.223297078102505,0.0620334429297531,-0.286741784624128,0.0523772782560533,-0.335950368972273,0.0160730495344704,-0.336932205247866,0.00936366940902457,-0.264178521075262,-0.0246491370351985,-0.258772790427208,-0.0290657574340008,-0.0860974174815287,-0.0712417285913466,-0.0788988452142429,-0.0771276214242636,0.0453774141899524,-0.114227566080542,0.176008384019016,-0.132517094868103,0.337859487262803,0.0323188930368538,0.196262982443149,0.0115428427725388,0.250385803665248,0.0153092324981664,0.241230335950604,-0.00872580735032824,0.0437150814875655,0.0342569300049311,0.0345600632764798,0.0267349990534465,0.0100354805262358,0.0242751816640216,0.0048002683448912,0.0105420610616932,0.0487818584087115,0.0165952118295599,0.122026135474153,0.0272329037693799,609.16768851218,"albistylum","Male"
"ORTALB008",0.320185754648456,0.0690233464559489,0.0435884609751968,0.0614872153571593,-0.233735423027305,0.0809333991780516,-0.287348370525047,0.0659722398212814,-0.330190295256959,0.0276740295115458,-0.329824674535771,0.0141824190112333,-0.264450680819177,-0.0312947924602708,-0.243940108356126,-0.0408608614603649,-0.0806392313774836,-0.0870498992751483,-0.066873048484292,-0.0967992046913513,0.0624102653690099,-0.1337821070115,0.180745033716471,-0.140685965517412,0.331410897033854,0.028824747647269,0.190105701037839,0.0114725840387637,0.247356496009779,0.0164073792624266,0.234508819756429,-0.00757118341979364,0.044141953147246,0.0412486473839771,0.0375780919267936,0.0343183969341655,-0.00270365764566682,0.026469762115324,-0.0123635092618289,0.00933221875531246,0.0447857593186548,0.0176384711077978,0.115251766349928,0.0330591572555851,296.560127277605,"albistylum","Male"
"ORTALB009",0.324650839058217,0.0784695568746009,0.0351762810025148,0.0661051680103122,-0.22719712625473,0.0794309954965689,-0.281355109652193,0.0665951124035575,-0.322048855013174,0.0280566120207387,-0.323570622693991,0.0178344491410821,-0.256101209746604,-0.033575000293673,-0.249715479116473,-0.0393458165445492,-0.0844739447417578,-0.0980640645548466,-0.0760734693822632,-0.103733428220963,0.0516171099512047,-0.142007262620076,0.170199299060019,-0.160438652436654,0.344769903148218,0.0409277923100396,0.181884391476226,0.0125535263963504,0.246430224004457,0.0198173930409929,0.235596770750199,-0.00708861716360154,0.0404291039771128,0.0420279815748702,0.028694132940149,0.0333313246151909,0.00653222422300214,0.0301943950844701,-0.00490277988891104,0.0154288260288261,0.047598986311455,0.0200702815448991,0.11185933058732,0.0334094272918646,494.254305172771,"albistylum","Male"
"ORTALB010",0.310417672849011,0.0747872369146312,0.0326149764205456,0.0640313557430682,-0.223647032147453,0.0888539559322077,-0.28275565827555,0.0766260794437615,-0.319042356704372,0.0333395718297971,-0.31887718229159,0.0240665713280006,-0.265929219479182,-0.0305117446889934,-0.258424996201452,-0.0340889654005548,-0.0736310370378974,-0.104697796624487,-0.0660706829782522,-0.111966579945052,0.0829238571971502,-0.153628666035797,0.212575617139769,-0.151233050407377,0.335201825907588,0.0363406800446396,0.176334852244394,0.0111486455098795,0.244777806589719,0.0161354293165164,0.234112731182007,-0.00815286738424141,0.0311946196958816,0.0417714413416187,0.0276467298226225,0.0324452758921423,-6.05222706075714e-05,0.0282096524804608,-0.0164702402952096,0.0149330429210657,0.0334609399077711,0.0195768635484752,0.103647298725106,0.0320138682402379,541.383161238625,"albistylum","Male"
"ORTALB011",0.323734052644126,0.064369045370351,0.0593075571773306,0.0537433939620354,-0.213627891828117,0.0573886625645057,-0.279986459784161,0.0461526970513686,-0.33113722101977,0.0217632410232945,-0.339391820628849,0.0101238492375074,-0.281191933793865,-0.0312246917078067,-0.26502425752165,-0.0380430602560736,-0.10081334824677,-0.0764867669889915,-0.0891770908355884,-0.0847501825658824,0.0269905565041298,-0.113562560899129,0.159624016419646,-0.119094173988404,0.332448582348684,0.0371549735675457,0.192445258143695,0.00938451705757385,0.247960052725255,0.0201317081154064,0.239829713127058,-0.00444596940103112,0.0584816471806731,0.0344887621949854,0.051190250219498,0.0291552346883656,0.014165902387162,0.0262846238426421,0.00766694280219103,0.0122225071548073,0.0600745660757792,0.0170035968286012,0.126430925903542,0.0282405931483292,470.984751731557,"albistylum","Female"
"ORTALB012",0.321781214438123,0.0625465136932228,0.0456449777680704,0.0484227332202046,-0.235783153725112,0.0536667093573005,-0.294219503504385,0.0423982646546748,-0.33810958022122,0.0155649840720507,-0.337612194415465,0.00848410650183439,-0.270797505973136,-0.0207410602668352,-0.257048378174483,-0.0252939591717196,-0.0808534632559329,-0.0601550362831872,-0.0717049424650897,-0.0666095599605891,0.0591980375124592,-0.108592816883896,0.16728633670168,-0.129296325461832,0.339443871552039,0.0251193644683035,0.192937066799668,0.0091566966245048,0.247931485656623,0.0130728502891688,0.236929112949173,-0.00981818818997399,0.0485041489637651,0.030461993539549,0.0431103708193664,0.0284884470080798,0.0103030471139951,0.0237769433446145,-0.00153457493220138,0.012667869378778,0.0525918189199726,0.0173142339271153,0.12200180747209,0.0293652361386307,1272.33428997828,"albistylum","Male"
"ORTBRU001",0.314202415690956,0.0626353693698789,0.0372543786651151,0.0560407329861048,-0.222003395519567,0.071533328283849,-0.296437774048894,0.058295805990659,-0.339215999219518,0.0280325531870798,-0.339693623099443,0.0119658022557817,-0.273070980275741,-0.0234547374727764,-0.248357371155749,-0.0329445971323632,-0.0783728932613138,-0.0787535844573749,-0.0663084985831731,-0.0907327979538261,0.0657388440135588,-0.121561919635736,0.180040902974917,-0.127978806182063,0.336956786201669,0.0353637144585096,0.188084842355838,0.00889266191556542,0.24222723671257,0.0142923786093792,0.229433848787468,-0.00905390980422068,0.0436066404433822,0.0340379836787481,0.0375583719968703,0.0288023404628016,0.0139590442063809,0.0223363774221999,0.00208997608896687,0.00867666994958231,0.0530357109480237,0.0138531939098116,0.119271536077682,0.0297214401584096,625.472257941586,"brunneum","Female"
"ORTBRU002",0.312396395474258,0.0613484309289547,0.0471442925395178,0.0608485330453452,-0.221260722163315,0.0769998017331413,-0.295421493160597,0.062795975569274,-0.337561496406938,0.0230682385800706,-0.340535080896568,0.0154655035633432,-0.271953860183258,-0.0340312950225432,-0.25218316112732,-0.0429748780493738,-0.0805681147921336,-0.0871463674149606,-0.0668708085251598,-0.0946206110673757,0.0561517005679262,-0.127033252280705,0.162296160278753,-0.132291607775596,0.327794323153654,0.029633791066392,0.191488201973091,0.0149569653219627,0.243010037296029,0.0168644130775077,0.234076675536764,-0.00442397274209342,0.0518633488192488,0.038149413181554,0.0428042046196041,0.0335326167360836,0.0171196973338199,0.0227288098574106,0.0111134500531559,0.0151032347409364,0.0520017884744239,0.0199607737023916,0.117094461135045,0.0310654832482808,659.99025474899,"brunneum","Female"
"ORTBRU003",0.321763335561156,0.0544113650465126,0.0360882004568042,0.0502554903532857,-0.238832352081056,0.0632398051716765,-0.296546894179725,0.0534385866199425,-0.340564731810243,0.0213565683192373,-0.339490089521324,0.0119375430106696,-0.265605003170958,-0.0225259793514504,-0.249015987349732,-0.0285732298018656,-0.0693889537355818,-0.069987139659604,-0.0604604762496176,-0.0784988710916682,0.0673381244217045,-0.111536380634907,0.170664659662786,-0.125116893211569,0.340689108541607,0.0279528999874428,0.188674167537427,0.00892921804065816,0.248477147719846,0.0141971917498142,0.240009436418135,-0.00902987702390166,0.0413835346714979,0.0317834491369796,0.035283266434843,0.0294871846130362,0.00758490257101754,0.0215413177516316,-0.000752089233345686,0.0110447175732781,0.0510167893709683,0.0169824440423328,0.11168390396379,0.0287105893584676,634.068429057363,"brunneum","Male"
"ORTBRU004",0.315344962371168,0.0618548507355768,0.0394900793954467,0.0582248883703317,-0.23195646209523,0.0737417125130954,-0.286794981980509,0.0613086893815453,-0.331580450325357,0.0226732816616701,-0.332459272359725,0.0107559370474772,-0.276776999072417,-0.0263008788232604,-0.258071054188275,-0.0366656813587903,-0.077368542318162,-0.0844354387648499,-0.0672701967472515,-0.0896733163065535,0.0604642352547354,-0.124550955392413,0.176438482646614,-0.136094982026558,0.326227147496047,0.0266042756658054,0.193377882503467,0.0124326058747927,0.244686291683491,0.0176366981658756,0.240058536295415,-0.00448868560767379,0.0440209482320406,0.038420025969806,0.0346439051439997,0.0331198654826793,0.0145089791410872,0.0241201790988882,0.00767126210439708,0.0126420898228808,0.0515300779643006,0.0183953341946568,0.113815168854718,0.0302795042950175,669.615391644542,"brunneum","Male"
"ORTBRU005",0.308512852244,0.060433266973303,0.0344999362733306,0.0556649882278504,-0.24457379587667,0.0773154918229162,-0.297457406128408,0.0671205027192613,-0.335678275041438,0.0378118240650133,-0.338236893644256,0.0259328723576766,-0.262902747053666,-0.025933740111693,-0.248915946506659,-0.0350392373978139,-0.0612171627204979,-0.0911789745450749,-0.0523347164982292,-0.098951385809736,0.088629544447986,-0.131435506956564,0.201213471939618,-0.139037176616627,0.324041080829167,0.0280011769471768,0.186353868067365,0.0105223817898971,0.237770921497653,0.0172659366390435,0.22765588399677,-0.00681836757003866,0.0390415538660623,0.0375624848733942,0.0310442868357722,0.0320115262887178,0.00827914073695898,0.0221463321103779,-0.00260403809554022,0.00971810948295199,0.0454607266786157,0.0162436411570549,0.111417714152066,0.0306438535529128,600.394112986704,"brunneum","Male"
"ORTBRU006",0.315916798122189,0.0703000840460653,0.04936570668998,0.0559566616019199,-0.220186649319968,0.0722068455393291,-0.286782261849106,0.0576338766422503,-0.334018937176657,0.0244640268559453,-0.334916697143986,0.0154615256296222,-0.282845089123784,-0.024572466178619,-0.259895941906212,-0.0374598107876829,-0.0942658938264493,-0.0933452618066241,-0.0809166220748389,-0.0961926839490145,0.0585879008718543,-0.125244376513301,0.170193435107559,-0.130305602505727,0.322985556599488,0.034752798076996,0.187389314929173,0.0119070608848448,0.239589521174922,0.0188242009309544,0.228347896908911,-0.00278054198594042,0.0550710505897112,0.037208030061404,0.0469727030578934,0.0319537345442616,0.0232766712802565,0.0221968423506771,0.0144308598882134,0.00944434081856918,0.0606255613092568,0.016959543093333,0.121075115891594,0.0306311726507378,663.818567764635,"brunneum","Female"
"ORTBRU007",0.319901126390312,0.0639556394872089,0.0460992777460306,0.0566557468710082,-0.217590304444657,0.0777836772625413,-0.278353423949093,0.063082410775043,-0.326879501935422,0.022685129941816,-0.330310723693487,0.0100260792402594,-0.258054713950435,-0.03595258790196,-0.242341597008293,-0.0458047352344285,-0.10929580718092,-0.0802909072792713,-0.0904151205761096,-0.0902048477966291,0.0456542540727863,-0.127897415732526,0.175915257940514,-0.136843591444332,0.341524197515978,0.0317008424649605,0.194901388362072,0.0186910583842332,0.268091106770096,0.0204253678432311,0.239056273723693,-0.00127388448925111,0.0426158264964968,0.0408077331874351,0.0297115902648475,0.0315215757206669,0.00414370052064494,0.0256622685986546,-0.0153012952972209,0.00696883440186602,0.0421146219509748,0.0153696299778795,0.11881386628119,0.032931975721594,314.900633678164,"brunneum","Male"
"ORTBRU008",0.338574578901584,0.0689223019241108,0.0463803360357872,0.0602552893798309,-0.213066292998419,0.074165155429424,-0.284779671549786,0.0650222516846433,-0.323279784760622,0.0333345795431364,-0.327704699563619,0.0208861877262974,-0.270917140249148,-0.0409432879061468,-0.249218561632481,-0.0494867376561402,-0.0980440634465816,-0.101177518637388,-0.0905298196604345,-0.106736630380823,0.0498456118240363,-0.136463477709587,0.164162839441075,-0.136299848670562,0.328516303718565,0.0312694178188469,0.1874461225289,0.020802889208662,0.243882575668314,0.0217695456311195,0.231019735697311,0.00530179347474388,0.0494628669921244,0.0422457785328456,0.0404063530276686,0.0318605274963738,0.012218529628426,0.0233298655991623,0.00346959472779339,0.0161235083267441,0.0507952917066593,0.0227965476245876,0.111359293962847,0.0330218615601187,624.976108634271,"brunneum","Male"
"ORTBRU009",0.318555274233223,0.0663198633285142,0.0402587711180604,0.0650450729090702,-0.230806389783559,0.0798552861978068,-0.288103161520912,0.0664026548176395,-0.329429118629964,0.026808979204771,-0.32841811264374,0.0148649407485967,-0.26776721364506,-0.0315447378140696,-0.250127307903879,-0.0369231704819931,-0.0766836117649721,-0.0961001179484049,-0.0658669229097922,-0.102056796616023,0.0489602956587959,-0.138714250068678,0.183774585466937,-0.147897240187587,0.335099881971166,0.0333508862130985,0.180561183033618,0.0116491490502014,0.241694102585104,0.02027006755637,0.228366204568387,-0.00491880159353698,0.0455520249654004,0.0431544737510356,0.0378886858119536,0.0321956057110936,0.010880467595832,0.0264658572510825,-0.000193831109188255,0.0152145726268459,0.0559591431056386,0.021697055425968,0.109845049796951,0.0348606499181989,584.372896204283,"brunneum","Male"
"ORTBRU010",0.309739926060405,0.0633599579555127,0.0461254638440288,0.0622572620390107,-0.21630548290637,0.0795813781250821,-0.27597273605369,0.072288024570573,-0.333051784290633,0.0295481162681642,-0.333855218985964,0.019210337709231,-0.276272645708321,-0.0395255629547255,-0.260259197179452,-0.047235477889108,-0.0895626262866312,-0.0995417544667191,-0.0791716605245322,-0.106181426307086,0.0551489418501044,-0.135251998446364,0.175542403097919,-0.139527045613745,0.324150163328448,0.034971505997675,0.189130409083558,0.0175521404098455,0.240066051889532,0.0218416473372699,0.236207311766096,0.00159527003289415,0.0503580220361826,0.041638933030254,0.0383110841809658,0.0334442475406249,0.0179584962523924,0.0244994704216412,0.0099785906194787,0.0131979345851384,0.0554990464982529,0.0196818695665499,0.11623544142823,0.0325951700882806,874.04020086451,"brunneum","Male"
"ORTBRU011",0.312360426683855,0.068023302257023,0.0333824539400338,0.0564385986492261,-0.23952419769256,0.072030777530398,-0.293326881401105,0.0616543104213174,-0.328548469067966,0.0292252780496669,-0.328322280402924,0.0202193800468919,-0.270963029682086,-0.0211193513202729,-0.254922948874746,-0.0319695009171283,-0.0688230725170898,-0.088048934746549,-0.0573983469830077,-0.0945152562471686,0.0673707571835951,-0.129633489662784,0.187173202841934,-0.146853365813761,0.333469294277504,0.0347742393785933,0.187686903404652,0.0108089302652385,0.246090540650323,0.0167945503586597,0.230967902165105,-0.00836153560367218,0.0405885773584851,0.0386021321063,0.0295656311877237,0.0293152348657537,0.0094773956074307,0.0220487081604685,0.000759303770307126,0.0105660983014712,0.0568447887326887,0.0187442509760505,0.106092048817845,0.0312556429442769,444.551714958707,"brunneum","Male"
"ORTBRU012",0.316470513442104,0.0703052692302766,0.0471556427221275,0.0545707881448681,-0.2188857742249,0.0660232965959606,-0.279428178184451,0.0605100728294595,-0.32966052264505,0.0231545895131738,-0.332765189442176,0.0141068458206149,-0.274183667978952,-0.0302699833684202,-0.259117173504916,-0.0364538150348801,-0.0992554785148753,-0.0862723102635587,-0.0887383258964783,-0.0939260938786342,0.0410299490783591,-0.125330532906766,0.175522950786343,-0.134092600425483,0.335827105288269,0.0368627544816754,0.190454930500812,0.0139708905694678,0.244958137753188,0.0210426070751714,0.235668616724484,-0.00306817569408559,0.0545509010426625,0.036357244061546,0.0424031222495448,0.0304160996784233,0.01965427562877,0.0230585415070054,0.0074382007709604,0.00955938350840266,0.0559008635503028,0.0181967513424212,0.114999100853872,0.0312783772133624,661.824509834882,"brunneum","Female"
"ORTCAN001",0.318715212840582,0.0590710700783008,0.0370613927535988,0.045676137230473,-0.241286112718723,0.0507205964457044,-0.296729472788861,0.0426681527965435,-0.344651023821903,0.0196574836452391,-0.343290579224683,0.0117680005510754,-0.266969344266344,-0.00745852427775515,-0.251423012034851,-0.0128666144520229,-0.0775674542091671,-0.0604636639085708,-0.0683137689178961,-0.0669646086283893,0.0730895504461324,-0.105576883814215,0.185699690681866,-0.118385879773986,0.334134333449629,0.0357524313653241,0.193747981909652,0.0032109777901848,0.247307993370626,0.0125311802405632,0.241686099073107,-0.0111631288579178,0.0406315987951299,0.0252029153499942,0.0343240165422587,0.0240839391280201,0.0128172507404319,0.0170882423763094,0.00712623715978186,0.003122445424644,0.0433733400038233,0.009434822761429,0.120516070215811,0.0228909085290514,627.578644111999,"cancellatum","Female"
"ORTCAN002",0.31317600428512,0.0675580668902435,0.0456744810240853,0.058253261493658,-0.214610413243005,0.0809283874980661,-0.278224551573847,0.0689251945071663,-0.330002574219809,0.0241414385169014,-0.33196036121815,0.0124825247420664,-0.272274881493575,-0.0340531175539922,-0.257870604399418,-0.0405290679114775,-0.0870244595096374,-0.0961372524804086,-0.0770151133194864,-0.102428290716553,0.0434792825986967,-0.133909693324199,0.169467356535084,-0.139205776707015,0.332391588148712,0.0359286668712809,0.195156209210635,0.0182141305532254,0.248145144716627,0.0218580681629959,0.241359637658105,0.00012850446381005,0.046279032081748,0.0376816509131849,0.0357170243420064,0.0307873229440493,0.0148976107387941,0.0243237519732665,0.0057378305911948,0.0159013415685522,0.0425511431537983,0.018758335130266,0.114950613892318,0.0303925524649131,682.317707923116,"cancellatum","Female"
"ORTCAN003",0.315751770429588,0.0662542422742494,0.042750914959098,0.0528394553488085,-0.230333708409323,0.0642456708349219,-0.290803013855862,0.0531618008975329,-0.33878003092256,0.021952750958363,-0.338747366761675,0.0126424853661565,-0.273453811829441,-0.0243555899481309,-0.253260728747451,-0.0320375387950495,-0.0777849518633854,-0.0763852625865271,-0.0669023733920673,-0.0825507863042226,0.0526939163801591,-0.117790739694014,0.169077210021242,-0.125119021939408,0.336048087812967,0.0306468485579948,0.19029984604967,0.00839289407371704,0.246132972201281,0.0132525424861062,0.240010216169721,-0.0100406581065296,0.0443722611319318,0.0342276729017912,0.0366205152142091,0.0326438657680226,0.0164847279155387,0.0232626389202034,0.00567163625681035,0.0108119683642475,0.0552884287609845,0.0171997391166259,0.118863482478564,0.0267450215051405,645.017617800264,"cancellatum","Female"
"ORTCAN004",0.316231315783913,0.05732295861572,0.0317075991981484,0.042521569191025,-0.246232097705972,0.0530032689133096,-0.303736971517252,0.0443259590442911,-0.3420012626088,0.0179271523172115,-0.343131829576676,0.0107475334269055,-0.263512479609654,-0.0122221255804887,-0.252211436009091,-0.0200335936301023,-0.0727584951275323,-0.0534859790768487,-0.064961275034976,-0.0616064134431736,0.077677730171431,-0.0982593874393283,0.196347854782548,-0.122886172745966,0.337311953732533,0.0186332594276852,0.194067148966426,0.00230563142960167,0.246292926381115,0.0104814879494367,0.239244821635255,-0.00956858193738007,0.0419973306393015,0.0257835412885314,0.0332445721549988,0.0249756750232783,0.010483175375834,0.0229219067931083,0.00297213762233002,0.00814668199465661,0.0518110126761949,0.0142714489861949,0.109156268069924,0.0246941794523308,571.243619419309,"cancellatum","Male"
"ORTCAN005",0.304647999590812,0.0705226719795036,0.0458254111173912,0.0621272487203085,-0.229225538791053,0.0767499370520374,-0.276770893100522,0.0704569084488322,-0.33925225101678,0.0233160581513473,-0.339299398579788,0.0151245035907116,-0.269147675070281,-0.0327550550628228,-0.252808143353714,-0.0393964793145477,-0.0762432747292947,-0.0960507312465354,-0.0680889454814915,-0.102646450428258,0.0447536841588593,-0.134388448875094,0.160966825245655,-0.146491955394321,0.328988942726992,0.0310855851527959,0.197892524387885,0.0187046451566208,0.247037807411262,0.0200728206961165,0.233829710083097,0.000490669170004324,0.0522561662575204,0.0408022837921085,0.0407585009728611,0.0343143570216091,0.0194037636360202,0.0229715305413026,0.00788715977434797,0.0132072468885042,0.0537760321562103,0.0195034876685786,0.11281159260401,0.0322791662911973,611.08893118611,"cancellatum","Male"
"ORTCAN006",0.313154177328246,0.0589416768559471,0.0518190062700486,0.0504751758393001,-0.237498160649368,0.0677532075454311,-0.282428785448033,0.0578995792393519,-0.341154675913502,0.0183819769783039,-0.342766816972299,0.00944474874886278,-0.274560222604279,-0.0243095294207343,-0.262697951167676,-0.0304383312103521,-0.0782448290728107,-0.0776721989304834,-0.0678970711091358,-0.0852716262673838,0.0570697375197736,-0.116787005325005,0.165940113366681,-0.124205482909974,0.326230308730808,0.0318930817631436,0.194595192712612,0.0112568080505548,0.245439521614128,0.0180415536617675,0.237657731411874,-0.00573587403808723,0.0530753111888795,0.0325452856187917,0.0410998740500837,0.0297153475685483,0.0215966656562455,0.0225115080701244,0.0139942010661809,0.0121629694419138,0.0528386593507546,0.0146341168564185,0.112738012670788,0.0287630118635604,670.625623781799,"cancellatum","Male"
"ORTCAN007",0.312676091533543,0.0611747324014304,0.0474161107871008,0.0472762974129858,-0.234459514780613,0.0582525889699414,-0.284306969358916,0.0523063567610239,-0.332718778667595,0.0221168200825727,-0.336733701272033,0.012757881237785,-0.279977263705279,-0.0219616645835558,-0.262960271445505,-0.0270552379832516,-0.0794849126630641,-0.071123816207862,-0.0682622102910873,-0.0811087023669848,0.0612185641213461,-0.111589952283273,0.181971669142263,-0.122807139873482,0.332879147512565,0.0273808089811744,0.198545799056021,0.0104468988484827,0.248554773933242,0.0133561757979979,0.240517885018212,-0.00535949371435918,0.0499018408365195,0.0306933247173687,0.0424127398559487,0.0287311609166367,0.0049029703942738,0.0204686999545744,-0.00526206565528212,0.0122716166865832,0.0492702436493051,0.0154461706165415,0.113897851999034,0.0283264736276693,659.675953507753,"cancellatum","Male"
"ORTCAN008",0.308450539010989,0.0606904239808061,0.0515242057031219,0.0486788984723153,-0.234628084019265,0.0610695738736603,-0.285245661524192,0.0533015179327818,-0.343893762428731,0.0198186194770282,-0.346566899784703,0.010744073371343,-0.278076370744917,-0.0227701613119728,-0.262977047807776,-0.0267318600277589,-0.080239402202325,-0.0756682937919716,-0.0664806006146383,-0.0841579582479377,0.0571572247602059,-0.111240725438422,0.166612819846052,-0.117870489152595,0.324546411813003,0.0283384360458319,0.196444029261313,0.0118695808294231,0.245710274533606,0.0150971284391846,0.238968720309038,-0.00608616173677908,0.0551423674082363,0.0308505440194264,0.0447904159087397,0.0274893636007276,0.0224809774787251,0.023708849809775,0.0139866431895935,0.00994884793586159,0.0556684101433198,0.0158999288511512,0.116624789760604,0.027019863068121,669.765698516348,"cancellatum","Male"
"ORTCAN009",0.314060679345283,0.0637337028825658,0.0462210751933767,0.0509972511810555,-0.228201146422447,0.0602485907545764,-0.27982514887241,0.0512748921947245,-0.335688248863874,0.0223192841681031,-0.339665382829594,0.0129507348286597,-0.276832634583633,-0.0205729932986928,-0.26155669287612,-0.0290111694264959,-0.0891782230171075,-0.0771854658363277,-0.077842152026963,-0.0826512623928199,0.061240267702286,-0.119610828320704,0.172512931912183,-0.134021739542545,0.328777501619984,0.0340659678338462,0.195920967514099,0.0137500222450175,0.244564578518459,0.0187807664341063,0.23881594311853,-0.00316823206612305,0.0486361045407182,0.0337108751779239,0.0422036510750526,0.0292863029935358,0.0167612800656962,0.0222079317195884,0.00980712011585556,0.00890276323508608,0.0512908570599376,0.0146964109909363,0.117976671710687,0.029296194243982,573.397529880211,"cancellatum","Male"
"ORTCAN010",0.318882635156289,0.0645661742995904,0.041424921883978,0.052551714129136,-0.237729454945459,0.0689481548153897,-0.289542130337937,0.0571881556684734,-0.331296025583529,0.0253789740657955,-0.334629044613772,0.0170154884945578,-0.264382224727445,-0.0246940121629475,-0.25601151326262,-0.0330412511033347,-0.0771055332702752,-0.0796421588556433,-0.068738977970048,-0.086318454528338,0.0600089620322061,-0.121272804023618,0.180365880345953,-0.129493297910415,0.34064496306477,0.032830098478075,0.188568895669007,0.00925917532831272,0.247063121296813,0.0160103781514667,0.235389745865178,-0.00740369369145858,0.0414458740720093,0.0358348215135407,0.0347664161229764,0.0291408784160017,0.0130454138664632,0.0207592193215449,0.00470047952740817,0.00904909168816261,0.041471356481764,0.014105475196139,0.11165623932627,0.02922787270957,598.588832930494,"cancellatum","Female"
"ORTCAN011",0.317537641866877,0.0704905693418172,0.0331488175313391,0.0601319965721103,-0.24528783689041,0.0775620698284197,-0.288677096905278,0.0695414702952135,-0.333441980550673,0.0299391767342301,-0.331981368793371,0.0132922771039489,-0.257371337027371,-0.0242020053477983,-0.247935590037273,-0.0359514027540148,-0.0630461831646831,-0.086799539796907,-0.0537999460212291,-0.0964694756000364,0.071717174432884,-0.139945179940571,0.18633591809293,-0.155014919749202,0.333876766764305,0.0278852079472349,0.184185225024062,0.0125999545380343,0.240575698652875,0.0154702630664202,0.232363253100177,-0.0104221464870359,0.034801809743323,0.0413944719935495,0.0270236745297092,0.0344155408658133,0.0109084883872722,0.0267044482221096,0.0014162993425114,0.0153783815149722,0.0407913893693922,0.0209426925765112,0.10685918255263,0.0330561490751796,479.269377661077,"cancellatum","Male"
"ORTCAN012",0.317617607536088,0.0666245458177473,0.0484419687779896,0.0606501251382497,-0.222376062997353,0.0781766767122081,-0.27705644451414,0.0698802653796584,-0.335000253565856,0.0225943427473146,-0.335090844488271,0.0143421770516198,-0.271210820830593,-0.0355341631460614,-0.263046301787321,-0.0438725408182197,-0.0805013520592343,-0.09566977513136,-0.0669239813054066,-0.101846230363109,0.0409848472284059,-0.131259422942596,0.16181111532942,-0.138596751354305,0.328679123784153,0.0328655715945294,0.191414538767223,0.0172133565523872,0.244751080788493,0.0191762026259389,0.23598707191814,0.00117988799753701,0.0488448854036892,0.0390674315297033,0.0408398548311366,0.0324894961104913,0.0182524184916937,0.0273379060092658,0.0108261357542823,0.0156765260469769,0.049580861991075,0.019066251681035,0.113174550946386,0.0304381207609885,618.380178736791,"cancellatum","Female"
"ORTCOE001",0.319056282259713,0.0755265766782828,0.0469886691854938,0.0678732774039095,-0.197877183194594,0.0877384287494497,-0.281726728210145,0.0692595693812584,-0.324339436777866,0.0333829242983044,-0.330002346369997,0.0159873453428435,-0.26863735799884,-0.0398143579400766,-0.25575594507163,-0.0503249484891344,-0.0971582274803038,-0.110662568991645,-0.0860572484300373,-0.114985903833348,0.0450688875558636,-0.151227629033914,0.170427549683303,-0.156376977374487,0.329664767828397,0.0398901518865498,0.180085847706022,0.0207410668125072,0.242548564763336,0.0244237112447979,0.229332752865205,-0.00105817002104784,0.0476836444992709,0.0475521457558666,0.0417425691235366,0.0379663607484125,0.0169990058471529,0.0293061193278386,0.00804181806296246,0.0164849293244615,0.0516515801033496,0.0226549446666421,0.112262534049807,0.0356630040625292,640.795280030285,"coerulescens","Female"
"ORTCOE002",0.316267304972186,0.0699642479995354,0.0449158282085137,0.0648824858937146,-0.212776960109729,0.0745709977342136,-0.27947203279734,0.0608090280048024,-0.329941461821064,0.0297170094178175,-0.331147066656839,0.0156559130507006,-0.276901591533362,-0.0332562406719298,-0.259927502969339,-0.0417925216527436,-0.089216744370368,-0.0953727314063798,-0.0792720874066347,-0.103306546010191,0.0541168491940358,-0.137754338039677,0.172338699419639,-0.142574179715114,0.332740437079642,0.034909639337356,0.182381014335514,0.0159225406459959,0.246710541474257,0.0228031850425324,0.226427182816609,-0.00732628878236501,0.0499880316252186,0.0414310332892502,0.0423539977264354,0.0350019980841858,0.0133292453735561,0.0268657592303499,0.0034862318398464,0.0153143593914665,0.0588736592041035,0.0211914181871697,0.114726424395119,0.0323432309693091,567.142959370595,"coerulescens","Male"
"ORTCOE003",0.315963250125803,0.0624327966483253,0.0402571340522165,0.056382397923638,-0.220290284381593,0.0660011142882518,-0.294313467870268,0.0560140010326797,-0.33929542263317,0.0252916649620398,-0.34174689662397,0.0137522327490539,-0.272457320358,-0.0253191925965748,-0.258965978356527,-0.03250848245691,-0.0756233176868746,-0.076696658643578,-0.0652538754325953,-0.085724600107105,0.0637406456540207,-0.119045474818001,0.183198817327667,-0.131907267185048,0.334583542848397,0.0279849230853374,0.18642248212102,0.00963031633738863,0.239435074842092,0.0181624328100537,0.228289505714945,-0.00859346881942264,0.0497884447967299,0.0359259184675372,0.0388088177055064,0.0302939197785287,0.0148959741834803,0.0237691061399226,0.00458544602442171,0.00844038077693542,0.0527440889499304,0.0166381724538994,0.115233338996769,0.0290757671730477,617.436047479634,"coerulescens","Male"
"ORTCOE004",0.313860346305954,0.0633350276352883,0.046202952392002,0.0587870294316121,-0.218585618041834,0.0723765989651208,-0.290520675141428,0.057572244325477,-0.332449869292463,0.0237477070411507,-0.33546754160305,0.0121788396881467,-0.283580593394468,-0.0293324969021896,-0.263690566006245,-0.037085676917283,-0.0754249278394618,-0.0803725458182475,-0.0670251898014374,-0.0883912134611367,0.0683998356338015,-0.119756742897698,0.175539055603132,-0.135346455314441,0.331189100123086,0.0243122273405813,0.181975553236302,0.0126463022471907,0.244248808807457,0.0190137541016221,0.233363642848905,-0.00751980887710739,0.0483387996025198,0.037481825348753,0.0402434663461016,0.0323658502558235,0.0141271891148718,0.0251910939772802,0.00125949122742936,0.0133946456429508,0.0488706149295749,0.0144969863126536,0.11912612494925,0.0309048078744518,609.118662868366,"coerulescens","Male"
"ORTCOE005",0.312731169508673,0.0740747017086523,0.0479364476783182,0.0676849861913945,-0.197670130059014,0.0854049611107828,-0.279543674467799,0.0702371763530367,-0.33007200633795,0.0303600741001063,-0.332112515655479,0.017837159121548,-0.269859483910934,-0.0391223225994745,-0.256618692115802,-0.0500541709266815,-0.0943159402198784,-0.105625119502769,-0.0845448020010137,-0.111290433598967,0.0434624656743421,-0.148298516759339,0.181329061226689,-0.147990720949886,0.334324191864684,0.0347954180071805,0.181642017905197,0.0202046101957085,0.2385816007378,0.0204828538422434,0.231028047094201,0.000705571436428951,0.0491352206007352,0.0461094463424204,0.0409500178116943,0.0365002408790711,0.0150499326998171,0.0267227524131302,0.00937884726406686,0.0169501307880862,0.0463228408824756,0.0209913398780901,0.112865383819178,0.0333198619692382,793.401480393696,"coerulescens","Female"
"ORTCOE006",0.311503144673099,0.0764339003116805,0.0486632492793789,0.0678709307466349,-0.207566106003657,0.0896843199949876,-0.274360479973582,0.0762718246536998,-0.321464132607795,0.0301752511070581,-0.326523604786742,0.0138990691782475,-0.278361929779943,-0.0348815197020001,-0.266195314500548,-0.0458940475818957,-0.0834657986284761,-0.110574196826291,-0.0753253103062128,-0.118226906322181,0.0582353203013764,-0.153795144322116,0.170280788047126,-0.156842379031115,0.338042929497813,0.0396918475391888,0.176881011999252,0.0197163217481991,0.235335154913374,0.0221455874756806,0.225219684064424,-0.000179227284388123,0.0504820696157921,0.0475441793151185,0.0438285167997593,0.0385722696933479,0.0115751766892593,0.0245296183885986,0.000144914116810124,0.0169798232245751,0.0508638468646079,0.0224404336451035,0.112206869724883,0.0344380440478678,1080.3868414937,"coerulescens","Male"
"ORTCOE007",0.317995236460715,0.0711440261613064,0.0502216923793327,0.0578496517496397,-0.207173010178583,0.0773964454344815,-0.292727949069724,0.0663814060980972,-0.333138986507769,0.0328678530357151,-0.335448593087731,0.0157512171538753,-0.278580642765191,-0.0339568521371519,-0.262853938447531,-0.0420249307946615,-0.0857096695611808,-0.0909424749632146,-0.069985174814752,-0.0990102113855988,0.0606095268223336,-0.131189160568766,0.185408484822455,-0.139413309924257,0.323033120452057,0.0339637040274038,0.181775281883446,0.0144688415939831,0.237784715449403,0.0192164496130866,0.22288345035857,-0.00461097349641018,0.0499394289213241,0.0390210663734289,0.0395299405910043,0.028738264433238,0.0174421559624934,0.0231042840742985,0.0090562287844081,0.0111112517176295,0.0535461145051522,0.0186422268067712,0.116392587039767,0.0314912249971054,534.000255362554,"coerulescens","Female"
"ORTCOE008",0.313615922889441,0.0676476241987609,0.0480685507154201,0.0690922586999648,-0.199690476586095,0.088150859783927,-0.279568377934749,0.0698086554565756,-0.32690306620644,0.0294955756438524,-0.328894065178232,0.0142604804617588,-0.280695056236083,-0.0407281140930315,-0.263565620905989,-0.0451839934364971,-0.0969463765955195,-0.108989576514359,-0.075477058294632,-0.114012012378122,0.0556258597224372,-0.144424008781215,0.16374579311712,-0.147478844516827,0.33225459280488,0.0408403658635653,0.180995077068372,0.0185322366091772,0.237131245031852,0.0244840136809002,0.22936006615461,-0.00106851491896833,0.0539300541321826,0.0461882592251949,0.0413451691440733,0.034554344562224,0.0162619247503463,0.0289703710789597,0.00991170841558857,0.0143037480825889,0.0508102120147834,0.0222440048167344,0.118683921976633,0.0333122664748361,456.22367919097,"coerulescens","Female"
"ORTCOE009",0.313424412226191,0.0653907289272854,0.0512713386274707,0.0669240995500694,-0.205673764648368,0.0870635133345771,-0.288240156127474,0.0726403052219853,-0.334531940955415,0.0310917070400618,-0.335323947953458,0.0164541139147115,-0.271439359903675,-0.0436050388622258,-0.253071131102482,-0.0529826644640369,-0.0942384973135767,-0.1034998293919,-0.0818039821484136,-0.10627350026934,0.0588331872692428,-0.143220009171008,0.176415159473115,-0.141185262454156,0.315598008937245,0.0275194744876135,0.195662912933603,0.0213814432781886,0.235542242805392,0.0213364286561649,0.223957721022894,0.00098060683263687,0.0563032644922527,0.0435832023848624,0.0474860763754453,0.0356689406632802,0.0113844063121828,0.0271301486024742,0.00234033710149029,0.0150320863462171,0.0530908752710395,0.0227792083944758,0.123012837305297,0.0357902969780628,478.142475913537,"coerulescens","Female"
"ORTCOE010",0.315206912913669,0.0640349974028155,0.0338690264634056,0.0576993139000762,-0.219523635050264,0.0717226456182039,-0.301376366009556,0.0619591395402238,-0.33183844799042,0.0307809983444791,-0.334136361553012,0.0182212458713401,-0.264785247799711,-0.024350566686395,-0.249456850758208,-0.0369426947577183,-0.0830421504871184,-0.0806181155556419,-0.0678902486824677,-0.0914663252828285,0.083144310532411,-0.122533587794047,0.207202821695184,-0.129801617825572,0.339891123309909,0.0276788341329477,0.183318091097169,0.00710193565611226,0.242664542948719,0.0128963593154064,0.231428599053226,-0.0163872904640119,0.0341743453325718,0.0365832774361039,0.0292729460426489,0.0325756867085099,0.00534686584258391,0.0249524673849035,-0.000277639219974285,0.0103099963595291,0.0431911256019507,0.0163166403547557,0.103616236717284,0.0292666603408074,571.021811396823,"coerulescens","Female"
"ORTCOE011",0.317261571188689,0.0687409455785683,0.0521325493048408,0.0674858133431969,-0.195314303051046,0.0831523824907027,-0.277330858628806,0.0688846967773061,-0.318667929182741,0.0247442397891223,-0.324749739162388,0.0128234720691795,-0.274717850604099,-0.0464637040973306,-0.262433150472489,-0.049457319598913,-0.109562144782153,-0.106331596175625,-0.100571544857933,-0.110519852204441,0.0230568193527283,-0.146721717662018,0.175897758958454,-0.146889329023814,0.337747306793526,0.0411370800097532,0.188898305617632,0.0218923828017084,0.240819284860806,0.0207064432798538,0.227971684781397,0.00480590756449005,0.0558668778808595,0.0449885012920882,0.0456422981097993,0.0382711963866385,0.0208726806514543,0.0284959216933585,0.00736405237122599,0.0205666665574582,0.058219839049377,0.0242159999372414,0.111596491820865,0.0354718691914756,640.361297166756,"coerulescens","Female"
"ORTCOE012",0.308526933399442,0.0764281825006066,0.051298868785058,0.0657617444229679,-0.192800377589565,0.0915992197070246,-0.278864423265832,0.0773090788750964,-0.330067539415884,0.0357717067643942,-0.331612145407054,0.0176475180999004,-0.277716842792244,-0.0432619073391586,-0.267393548688213,-0.0530432020167034,-0.0908013516443318,-0.114816255335265,-0.082545949692628,-0.122643471512598,0.0469281420525959,-0.151488946166151,0.175428710555127,-0.144187261239378,0.32964939967012,0.0367612171124442,0.179340356864307,0.0167907596928162,0.235463959629074,0.0242661992472152,0.219918537518992,0.00374463765249517,0.051879333484761,0.0436586934432255,0.0440454425023499,0.0354140097829188,0.0241440392480087,0.0268583642483992,0.0123506553174752,0.0164926360143731,0.0583620250521056,0.0257158148294025,0.114465774416336,0.0352212612159751,498.81464037711,"coerulescens","Female"
"ORTGLA001",0.313801160737604,0.0643621584467545,0.0503970027698328,0.0615480106670008,-0.213895759637658,0.0849432956579325,-0.283807496578136,0.0711707168182302,-0.330804667614579,0.030577611054704,-0.330945985393458,0.0125261949276044,-0.274739885699347,-0.0383311099444229,-0.267049237866537,-0.0412564025549088,-0.0735273390155325,-0.102419854934011,-0.0680537823762259,-0.107087797812651,0.0506212948525471,-0.139275347130674,0.172344302223378,-0.145722359894603,0.329833250229223,0.0303247454542177,0.188165523187045,0.0210628538365612,0.236635735154578,0.0233324106888782,0.228338547539931,0.00423537760946095,0.048517303258333,0.045704137315259,0.0372061636803264,0.0350040585164566,0.0179692286689592,0.0252452677547995,0.00642189771475275,0.0125630491304897,0.0491809421144558,0.0175178214471265,0.113391802050507,0.0339751629457942,501.902924333526,"glaucum","Female"
"ORTGLA002",0.312641778835778,0.0665699765581985,0.0233648646553727,0.0653398305941686,-0.235588287119037,0.0813951556315207,-0.308594178373252,0.0664446352592482,-0.330845329561547,0.0382358813121488,-0.331162551328862,0.0275647748391479,-0.26452742140163,-0.0298341440050755,-0.250843303048753,-0.0366364089531452,-0.0475058623882655,-0.0895041291744243,-0.0371171673895823,-0.0994000368419269,0.0961183798179887,-0.142730558720571,0.186594032023946,-0.154948536294023,0.339187211098928,0.0263184101867746,0.175455588891204,0.009723431603535,0.238607372134301,0.0164193647681926,0.219761371065654,-0.00864324812436307,0.0332647203011654,0.0394536389638433,0.0277970857817776,0.0353313538434226,0.0104631651349112,0.0272973813944089,-0.00172452311820565,0.0116532752587904,0.0389982637154055,0.0168749782279904,0.105654790272705,0.0330749736721389,940.506005007169,"glaucum","Female"
"ORTGLA003",0.321908363085906,0.0636445215358123,0.047981603926027,0.0509410806087098,-0.219926139982948,0.0566249114265126,-0.290964559226814,0.0439044174956535,-0.33638426152926,0.0179088256933678,-0.341505016495786,0.00606797268339526,-0.282122179359561,-0.0211808691284675,-0.265160661702771,-0.0289558082562222,-0.0868456491847245,-0.0687457739252111,-0.0746544779345247,-0.0770486423716723,0.0368911563002476,-0.109748831234315,0.169229712175774,-0.127233974758213,0.33216577036585,0.0293575937924044,0.192371479887198,0.0122217917723471,0.243454071999652,0.0162840417717168,0.232849676019154,-0.00421905052430893,0.053102934692864,0.0337938676869052,0.0520291904471927,0.0288417513301464,0.0235857102728853,0.0240672232771348,0.0156295885099859,0.00869910252004513,0.0582204572169532,0.0166445076151606,0.118143230516698,0.0281313409890988,625.988454729435,"glaucum","Female"
"ORTGLA004",0.311439653520772,0.0567444409466837,0.0506205789141702,0.0602746667687823,-0.221546735569047,0.0767689477399612,-0.291402665250587,0.0606372427222017,-0.338474022593909,0.0220648231328563,-0.343275907611657,0.0128741115710861,-0.274570523808442,-0.0347389355287334,-0.263040592322433,-0.0384266071954495,-0.0749526306280563,-0.0881914186723167,-0.0634875647315772,-0.0953539708088439,0.050810018793521,-0.122922798804063,0.163137622129517,-0.130742750992918,0.322552641380066,0.0298724418356294,0.190037986892787,0.0113892764144389,0.243481759277123,0.0173825268179171,0.235054014627978,0.000139676241467357,0.0560183047809638,0.0381493832286686,0.0420082784402774,0.0326035742192131,0.0199019575357979,0.0283622029321539,0.0138333546424793,0.0134005577060093,0.0556644703733165,0.0184445212539293,0.11619000120694,0.0312680884713255,863.110785051796,"glaucum","Female"
"ORTGLA005",0.321204295777315,0.070348202496272,0.0483943808095465,0.0611512170857222,-0.202877336116963,0.076253987797773,-0.275204294549631,0.0612520696353216,-0.320840329872779,0.0271127518598665,-0.327953588516849,0.0101679959827114,-0.276877439158225,-0.0377547422598663,-0.264746661945785,-0.0449115142246797,-0.100104950857899,-0.101673706203518,-0.0879997200893292,-0.106419441236995,0.0329949080692617,-0.139360070688913,0.153806232994886,-0.150561970341972,0.338345381427446,0.0366608258637173,0.188720924910669,0.025916431343897,0.24911335406107,0.0215368419945354,0.229917371550975,0.00689447388857101,0.0509320907314566,0.0442600222715167,0.041344942628874,0.0345373825926833,0.019661995859897,0.0271381866406323,0.0100726476443685,0.0174063902669898,0.0510729702617288,0.0249393261753121,0.121022824379967,0.0351053390604223,414.968837822355,"glaucum","Female"
"ORTGLA006",0.320835251054147,0.0561883358925371,0.0492483341639744,0.056382600137621,-0.227502983917998,0.0734513246364761,-0.302330162156504,0.0592817070614468,-0.335799324746161,0.0206317301141151,-0.337973746272419,0.0102891245782167,-0.272926193752594,-0.0299711629115846,-0.254693021924644,-0.0400329665978041,-0.0791569968655159,-0.0802675243956092,-0.069901674143162,-0.0876117936851521,0.0566503633761898,-0.123769192673379,0.171217475079145,-0.12211205866869,0.324116952807945,0.02434792427748,0.188868121227599,0.0112470766312289,0.245197219822316,0.0164318439893593,0.231598384841889,-0.0047986231639398,0.0497990452744486,0.0392369555552987,0.0394608675113161,0.0335185689264157,0.0269383781137811,0.0253520350964451,0.0136091752372799,0.0152786839672178,0.0519812196203272,0.0180116507863821,0.110763315648639,0.0289137604459188,682.815761121815,"glaucum","Female"
"ORTGLA007",0.310573013571492,0.0592630288268605,0.0436921393290824,0.0614805413269408,-0.223852102813783,0.0817863031720859,-0.291243892156355,0.0715582482896046,-0.340658004589587,0.0313475893441822,-0.348850569669975,0.015625724228397,-0.268892956887773,-0.0326623582162299,-0.256647071369518,-0.0388397234170751,-0.0650377440306748,-0.0904920625246998,-0.0493171949213321,-0.0986883290996115,0.0787321104908366,-0.128335266951525,0.17388891938878,-0.136079124672047,0.323157576798076,0.0296058880581537,0.185001267855867,0.0129723710317316,0.241160946156792,0.0166832038643748,0.232736183196404,-0.00263950858762891,0.047736670496619,0.0395805122288935,0.036507829237792,0.0330645229489391,0.0159515684063273,0.0217228778797615,0.00797616467242348,0.00959221411690899,0.0388753056266564,0.0130777374647687,0.108509841211848,0.0303756106872131,555.907489033595,"glaucum","Male"
"ORTGLA008",0.311280617200711,0.0642849872621832,0.0480120356264605,0.0618657413166124,-0.211068498439528,0.076708356457729,-0.280952593464738,0.0616743968305094,-0.330243027586841,0.0279401525208702,-0.334426176502763,0.0106841987012512,-0.285650259952035,-0.0331173657232131,-0.268915546557313,-0.0394590833621165,-0.0806433308985557,-0.091955269145219,-0.0682231726595554,-0.0972511909107131,0.0596498487905971,-0.135101611567103,0.166868661505597,-0.145103962165542,0.319063893615913,0.0304202730389681,0.19314422464604,0.0198274218062014,0.244269602696912,0.0234227143015261,0.239624523119019,-0.00514243105062514,0.0497778718923296,0.0408812573909225,0.0395803837366854,0.0364997728617589,0.0191820627708311,0.0277407172667316,0.010682691163946,0.011530477106522,0.048863642917646,0.0182626710003817,0.110122546378641,0.0353877760623645,450.729106307466,"glaucum","Male"
"ORTGLA009",0.316816100595076,0.0597063099104351,0.0327516276556736,0.0552448754353867,-0.23143019769341,0.0733637585567438,-0.297567127691711,0.0609476965043704,-0.330326702953327,0.0345867068240664,-0.335173664724008,0.0178196586877416,-0.266978565591692,-0.0291615957706524,-0.254357459968533,-0.0317464918697781,-0.0635998302143856,-0.087437930219819,-0.0531742755952544,-0.0920581360859696,0.0849992485199698,-0.137345569135162,0.173748984367455,-0.144823899425272,0.336810346423877,0.0271911614723834,0.185972180631577,0.0157430317522627,0.245445755505756,0.0199269808404077,0.231826740079757,-0.00499744234587196,0.0364423013084945,0.0402727787477954,0.0318964062750605,0.0319650791212683,0.0126163883588002,0.0263108884524621,0.00361109263501118,0.0118120454461952,0.0420120440287783,0.018882186638446,0.0976586080470329,0.03379790646256,472.885388766761,"glaucum","Male"
"ORTGLA010",0.308083022044573,0.0601701097638874,0.0425675847005437,0.0553053848853604,-0.238209576881464,0.0797672708710702,-0.305474514967416,0.0637802982137739,-0.333799031692326,0.033354692595959,-0.337061015767541,0.0255305640603058,-0.270562613219518,-0.0306689253656142,-0.254926911257014,-0.0371954971094407,-0.065587269455523,-0.0850150132359773,-0.0514573047829277,-0.0973321603111261,0.0796451040020872,-0.126350662299779,0.192322567104109,-0.135735098027139,0.323509385119934,0.0289394640708646,0.182405382286351,0.00980105442103339,0.238845972263862,0.0174526782612995,0.229055624444344,-0.00600109680472055,0.0438626939546667,0.0364043667334151,0.0348012063156659,0.0300872070035867,0.0182993700080945,0.0213664567308866,0.0094945392343132,0.0112683548850562,0.045283984782617,0.0156142745439625,0.10890180176257,0.0294562761133345,528.579829698066,"glaucum","Male"
"ORTGLA011",0.306876000598037,0.0624583928675233,0.0447876289937679,0.0546943806018216,-0.231382937194423,0.0683013042628269,-0.299721319803537,0.0546783884686326,-0.344068385348268,0.0270179880980664,-0.343850739121684,0.0124359387866507,-0.277730443035529,-0.0257391998553881,-0.255810027657365,-0.0353958740299475,-0.0660127717069745,-0.0725065357914112,-0.0532737973241369,-0.0825010028164094,0.0674129999077022,-0.120237423335068,0.172838838454839,-0.139811439650339,0.329237911845237,0.0236325667793953,0.182700012550334,0.0144107463531651,0.23782623714903,0.0164465245777266,0.227590560332933,-0.00708840768870733,0.0486798128910874,0.0351686822484688,0.042704161577002,0.0336726935113172,0.0236310078901176,0.0259906420622534,0.0114525389671991,0.0122196235018647,0.0503894272570138,0.0146105270315322,0.125723282777619,0.0275414840160246,586.436542331579,"glaucum","Male"
"ORTGLA012",0.315632480036501,0.0533009470923818,0.0444428379029546,0.0597231718512275,-0.229466314477325,0.0685097468508755,-0.297568593262083,0.0579642344977728,-0.340611055826342,0.0213335139698042,-0.339198856559625,0.00358038828043712,-0.285807419939819,-0.0253765061090934,-0.262780779433146,-0.0260998088035692,-0.0647061417608417,-0.076677841049442,-0.0514155600998328,-0.0832765830408305,0.0681521169607971,-0.109493031037777,0.176554262470531,-0.123814108859148,0.315547491928527,0.0226438571893156,0.194131522447817,0.00784493566339768,0.247216999539071,0.0146312733100357,0.236353535088724,-0.00921523044846032,0.0485993945110556,0.0396276067763976,0.0413906568275392,0.0339432934065482,0.0166274163266956,0.0243096604435083,0.00515875073585506,0.00807967068220894,0.0455563269668729,0.0138562090732372,0.116190929616073,0.0246046002611718,393.431523440056,"glaucum","Male"
"ORTJUL001",0.329030636665517,0.0537227849632953,0.0446362517038165,0.0486662406178979,-0.229053337398531,0.0574166135923448,-0.303498594235287,0.0442092372937269,-0.335478833632993,0.0184519816328047,-0.338793477596938,0.0103973132190689,-0.277762192485382,-0.0242105081688903,-0.266838946366919,-0.0312199724989859,-0.0775872875913574,-0.0591510598318675,-0.0666754396180455,-0.0661587587309239,0.062634167308095,-0.0919009333799398,0.165825509101827,-0.115576625939864,0.333526615918346,0.0280121459093739,0.197424328738826,0.00384616275446637,0.248711041775871,0.0140538571996501,0.237280593222383,-0.00758495029787114,0.0486309480917264,0.029448940039809,0.039858533709377,0.0249033707815177,0.0194355700500658,0.0195148362538663,0.00983857525675366,0.0084132108593193,0.0488434661126652,0.00865725800469479,0.110011871270184,0.026088855726506,773.188704474705,"julia","Female"
"ORTJUL002",0.323808525215025,0.0688863703124531,0.0399400106336362,0.0639898500651405,-0.214212492684595,0.0798825340811108,-0.2842822187807,0.0644039720954511,-0.319893987665799,0.0375962095439814,-0.326788113242849,0.0211471362344551,-0.272024298250392,-0.0382921823666274,-0.257005309397232,-0.0463659734988898,-0.0869962242807686,-0.100073008777819,-0.0743316762214325,-0.105280353037278,0.0656199530248244,-0.142836107314342,0.160789118167933,-0.140388845980357,0.34185277659038,0.0380994596030026,0.189697861967336,0.0188714077080963,0.24920953228591,0.0208994330778926,0.231230423410553,-0.00104922318349663,0.0417933556201716,0.0427186074891117,0.0339756477962978,0.0303156004817915,0.0123142788801481,0.0245464657408647,0.00201632183761078,0.0137005916831338,0.0432578195592357,0.0175340864881542,0.100028695534705,0.0316939695541698,763.146745092616,"julia","Female"
"ORTJUL003",0.322617726445923,0.0614762788785657,0.0490072942467012,0.0591525471700725,-0.208471073991857,0.0818091223315533,-0.2904869355654,0.066009202723397,-0.326975324412242,0.0298895369482531,-0.330737415558921,0.0131047460301318,-0.280540551171294,-0.0344821021376447,-0.262490756447963,-0.0441169319627817,-0.0926903106990117,-0.0991597421429184,-0.0838705243218233,-0.105866558799027,0.0705553915302162,-0.126735548372429,0.1698189921625,-0.12813050540125,0.315319619493195,0.0297836376914108,0.195707535739918,0.020028933289665,0.245025146623259,0.0165083763889793,0.235803140130323,0.00222558340308146,0.0469292503813661,0.0402658809185248,0.0381253944974074,0.0297705740800541,0.0184032839381007,0.0242977742292813,0.00750345194387299,0.012119646322145,0.0542837630892912,0.0203375777328246,0.10716290194644,0.0317119706781091,526.776733799745,"julia","Female"
"ORTJUL004",0.313290390106475,0.0592176713642742,0.0407015588603216,0.0582923249100382,-0.225703710517903,0.079585105044376,-0.299924322427893,0.0662212881534628,-0.334465431287416,0.0243150054956129,-0.335196277647472,0.0135565067353293,-0.271479988825888,-0.0288874737506747,-0.253984343791429,-0.0357708815550709,-0.0695491127946531,-0.0877217343437545,-0.0606757124526085,-0.0925598742078897,0.0661426767049968,-0.126287528129116,0.180826998706031,-0.134363750862214,0.334498770225167,0.0295886010966208,0.190233279918576,0.012799808437872,0.241349731068743,0.0170708640107995,0.227860934654076,-0.00523517285258592,0.0441669364178371,0.0383407349506003,0.0350175823198558,0.0304912590418099,0.0157663155692466,0.02230513094192,0.0062075370695691,0.0127297747718609,0.0457028463661537,0.0179356141119028,0.109213341758214,0.0283767266348266,1128.67923617909,"julia","Male"
"ORTJUL006",0.318069026089043,0.0537469653114072,0.0306519095086508,0.0700463772673511,-0.238841236802356,0.0824180443516185,-0.300652793995614,0.0606107112722191,-0.328757270929447,0.033931671149887,-0.332775300401483,0.0191560343248222,-0.272037252744588,-0.041066861060073,-0.249960271172772,-0.0408008875987477,-0.0641071314533052,-0.0952525938373508,-0.053507066248358,-0.101431119804369,0.0772564857965468,-0.125044256659643,0.192948464494273,-0.121497087837792,0.331203557751468,0.0139410602892052,0.18081501552723,0.00990476459969462,0.245009084787795,0.00757476913110735,0.225333038527146,-0.0158200683402239,0.0362009937276551,0.0469762704853033,0.033140996218205,0.0385231393872949,0.0153402940510549,0.0309336293538533,0.00393232257944787,0.0181655227340832,0.0459586760248206,0.0229071315102365,0.104778458664586,0.0320767839701171,952.408955324244,"julia","Male"
"ORTJUL007",0.325107808291875,0.0691429687046689,0.041552580715053,0.0636355845580408,-0.215087939930561,0.0845750927667082,-0.28959310153714,0.0660933135519856,-0.324427666469674,0.0235948722772958,-0.324031481850984,0.0126946842725573,-0.276233188901087,-0.0340647010046477,-0.256417525849569,-0.0454643513278105,-0.0859096648050331,-0.0986555284254884,-0.0759995895354928,-0.104357228135003,0.0475587206081774,-0.133801693847778,0.16049777194637,-0.138168148937466,0.334915670942038,0.033121797579551,0.190034820295282,0.01570400822289,0.246864830033461,0.0202045868620392,0.229499889566075,-0.00225763292015113,0.0436049652376081,0.0406721520003676,0.0366473106853518,0.0319305461659075,0.0174449359311634,0.0263776390702153,0.00815450055285346,0.0151241457076306,0.0491539957491043,0.0214712119435965,0.11666235832513,0.0324266809148909,825.737934434186,"julia","Female"
"ORTJUL008",0.320569249143333,0.0598482470318522,0.0437610241341484,0.0643785285903243,-0.225661840978614,0.0790262599880394,-0.29375400354987,0.0588648860612276,-0.324257859644596,0.021532871035814,-0.32647322123106,0.0133697780747819,-0.276113708700942,-0.0327658267595673,-0.261926057970191,-0.0412542120664096,-0.0855840425947846,-0.0950495202759326,-0.0744520236696744,-0.102451297509022,0.043979561714112,-0.129450846124621,0.156789710799435,-0.129674366333297,0.333320959704484,0.0308711914787005,0.193569755609654,0.0172694999151625,0.245896322823728,0.0182709361307707,0.230172857722697,0.00114839881182385,0.0473874023243543,0.040720888202613,0.0400249937174533,0.0316404350056881,0.0265667083227168,0.0257565576991189,0.0140818185420474,0.0167754618689976,0.0572197788430738,0.0200116851807021,0.114882614938496,0.0311604439932324,976.057584925658,"julia","Female"
"ORTJUL009",0.326498367723563,0.0606985200670356,0.0346909750736995,0.064143176803425,-0.231980144373649,0.0807768317340893,-0.302003410620043,0.0588622283908253,-0.331193396617672,0.0222982545262139,-0.331342883112696,0.0104466330934764,-0.268138876017937,-0.032011227122394,-0.249954035903224,-0.035887342669631,-0.065473310181424,-0.0846885564091933,-0.0545084057873421,-0.0901141736164005,0.0552980195105193,-0.125854671764015,0.16709436665941,-0.139916832637482,0.335802252169524,0.0240210120922117,0.186057115933446,0.0138458630198954,0.244581791006248,0.0130292863790636,0.231780176083907,-0.00468603433502572,0.0409674904709406,0.0411816000897946,0.0314806416906501,0.0334588913055256,0.0140355440754777,0.0241042100302081,0.00398198686500295,0.014836145974017,0.0470782642805036,0.019678796657476,0.115247471071097,0.031777388390885,1361.53830113388,"julia","Male"
"ORTJUL012",0.324885146735034,0.057976606639507,0.0308065472303641,0.0557234944158248,-0.240186075240102,0.0710585435102406,-0.307605724720982,0.0564802585180084,-0.334339464344803,0.0249554820611831,-0.332851884532425,0.0144113260613786,-0.262356931147873,-0.0263059732846847,-0.242920364719443,-0.0325560604587446,-0.065393878799181,-0.0703962322357754,-0.0526047670346668,-0.079384757649252,0.0615093791067284,-0.112497400113287,0.183012021035169,-0.132144427713837,0.343635240327203,0.0288565528510713,0.187004018943164,0.00730465206917085,0.24899082834792,0.012382645609668,0.236954360383999,-0.0112655492352348,0.0338497522268737,0.033888076200173,0.0295652975905738,0.0297825602683434,0.00728414055652144,0.0221481079807807,-0.00171058872831317,0.00935740163652892,0.0451448043899795,0.013384655146174,0.107328142394257,0.0268400377227635,1320.75159387648,"julia","Female"
"ORTPRU001",0.30833265178737,0.063715553369301,0.0348553199676441,0.0594983853970531,-0.225356326049774,0.0777366726341153,-0.289101003534469,0.0630726182468642,-0.33656608835709,0.022820143182633,-0.334210716312936,0.0109621882244342,-0.271002659542229,-0.02748616921076,-0.25973624759578,-0.0335909380598901,-0.0679314662017489,-0.08742706185189,-0.0596164544443294,-0.0901374486066721,0.0727907922712127,-0.127054011970386,0.178201918139037,-0.139755234796927,0.333382952648221,0.0268823307895386,0.19190423532017,0.0102253030377383,0.246295871971989,0.0127911501529495,0.236202321071193,-0.00988637345481244,0.040997896842162,0.0409967728003179,0.0331483713220325,0.0351685712748183,0.0134396660298779,0.0269838344665551,0.0030304650520214,0.0149581583269698,0.0394422451758803,0.0187843270776701,0.111496254439547,0.030741228970378,943.534289014159,"pruinosum","Male"
"ORTPRU002",0.302987016024895,0.0621502057098,0.0373845431620106,0.0598135712108439,-0.226631386842844,0.0779602594286259,-0.288443143055941,0.0655984584956844,-0.338293482773306,0.0256344478824689,-0.341903336153255,0.0165903496488479,-0.276684334520938,-0.0246884000184328,-0.262020513013181,-0.0318377953618084,-0.0593514673902994,-0.0931183331048867,-0.0469196397943463,-0.0979429644566726,0.0788046899401052,-0.134801946030985,0.182385600336097,-0.141564537385932,0.318111700818268,0.0230844230380941,0.187968427036896,0.0133068212936734,0.246135251512506,0.0154910313045995,0.234309192870526,-0.00477396465058243,0.0415527731999583,0.0414886232483541,0.0379842826991204,0.0347259687196068,0.0138695506771514,0.0261231571110764,0.00223825996530427,0.014973296722212,0.045645939509315,0.0197487926574861,0.110870075791956,0.0320385345379253,878.670612604374,"pruinosum","Male"
"ORTPRU003",0.30842397171344,0.0615973166500331,0.0391228970517688,0.0543529665084318,-0.22900267464264,0.07244449808709,-0.289237338678684,0.0632082618604323,-0.336922279263153,0.0254081814063381,-0.33591096545743,0.0158985713946008,-0.275906384362784,-0.025553151401538,-0.263262288728658,-0.0319455681371772,-0.0681630008822386,-0.085612578731311,-0.0555119973185968,-0.0898940739155993,0.0679122919134638,-0.117903411390067,0.177666239502128,-0.133172738568749,0.322005670951314,0.0288008943511644,0.192039780672411,0.0114309854172521,0.253303519392347,0.0164362520077388,0.243709952836249,-0.00358525989609154,0.0432612214985095,0.0353270678339798,0.0347902572358253,0.0300840406458702,0.0136281776712538,0.0206765592672551,0.000902479212318378,0.00806273631670291,0.0431724391272446,0.0152640110661211,0.113978030555914,0.0286744392275222,947.619313667869,"pruinosum","Male"
"ORTPRU004",0.308964055863285,0.0673129901725061,0.035800176061726,0.0615457289257657,-0.217202893734297,0.0790877826557307,-0.277235078910588,0.0679291569326594,-0.330500530144288,0.0285923626575584,-0.331548803083457,0.0189005763324144,-0.280156801518763,-0.0317466126641241,-0.263134436701201,-0.0375087930829709,-0.0717959151505571,-0.09936007063007,-0.0603773639861511,-0.102556864263165,0.0611505367290521,-0.139219135844077,0.175916828147685,-0.147702823170015,0.328866286854147,0.0337889312611877,0.18984770165436,0.0174438140809169,0.247098501868436,0.0210591497924415,0.236622773237662,-0.00329667072870649,0.0414562577088184,0.0413273297023292,0.0328660779674188,0.0344128746732858,0.0122269658539097,0.0248807898001468,0.00709126291326989,0.0136710916722614,0.0410909361423318,0.0197993818444099,0.112953462227202,0.0316390098795144,513.292978539724,"pruinosum","Male"
"ORTPRU005",0.31133629997098,0.066777687290492,0.0384112759259796,0.0547743717701096,-0.225738127376221,0.0733330522933983,-0.279622861356993,0.0631242422492673,-0.326687425650814,0.0279796540346673,-0.331885598321246,0.0187800725370526,-0.285453565340486,-0.0265107951604831,-0.26765166655632,-0.034979638456054,-0.0766983590079798,-0.0971209394013611,-0.070020216019335,-0.100984749165535,0.0638202024979863,-0.132527757706263,0.177199650303983,-0.138681474036672,0.319776855567385,0.0296723919173647,0.189909749139274,0.0193582929276443,0.247489734323124,0.0188809986058821,0.238277821036666,0.00211367041170382,0.0465608421091212,0.0378497823627487,0.0369101002770474,0.0293972029525451,0.0211712469474862,0.0228765006696021,0.0164157523266367,0.016346743075737,0.0453641276882336,0.0197435295344797,0.111114161515494,0.0297971612936736,1108.3787915034,"pruinosum","Male"
"ORTPRU006",0.30564555603641,0.0594666690322875,0.0318015268145231,0.0538426977906008,-0.249431340828546,0.0654297187567058,-0.301204875435445,0.0571777121836127,-0.344466433360709,0.0281483605754033,-0.341106222843983,0.0162358843942633,-0.267569035623726,-0.0208320698653081,-0.257188038959459,-0.0256203117278184,-0.0486748863736957,-0.066855797885677,-0.0423826066514893,-0.0753637138767784,0.0923948114527961,-0.119457337811256,0.19276379192812,-0.137299181499497,0.331058347257455,0.0242130127699319,0.182906553225384,0.00663064680587225,0.245982618882848,0.00652771964050004,0.232517895251876,-0.0140333903297168,0.0368655558672463,0.0359685848842773,0.0322485232027643,0.0295117883176124,0.0158872702921125,0.0235852371151724,0.0066779523664273,0.0106803658746513,0.0425961045613368,0.0157160206968499,0.102676932937752,0.0263273841583119,810.328777270515,"pruinosum","Male"
"ORTPRU007",0.338491325261867,0.0600809309690006,0.0428379985956478,0.0529914589721476,-0.213049752386114,0.0685952242445492,-0.278694881089593,0.061754694674482,-0.331059507357177,0.0223347469202976,-0.333205500798593,0.0113146015103726,-0.279703098565996,-0.0311282982692799,-0.260613278876375,-0.0356397294942092,-0.0838295121908958,-0.0896809475498549,-0.0728103455933553,-0.0918296940694967,0.0518615164387808,-0.122090884661661,0.165875678402703,-0.128457663698888,0.329126159452925,0.0268031930943431,0.195214837976123,0.0218133855615063,0.247768498017518,0.0187994859609305,0.237839535643336,0.00620921105971475,0.0449844990233702,0.0373503749349881,0.0358929674305844,0.0268063539781256,0.0105827102035198,0.0219680324996577,0.00505184477856228,0.0166174581164313,0.0364814990881601,0.018946570622815,0.110956806544999,0.0264414946240287,1016.36831190988,"pruinosum","Female"
"ORTPRU008",0.308535135241408,0.0684424663340126,0.0447628491738471,0.0629478156116976,-0.206679812537549,0.0834509609617803,-0.280388031218383,0.0690459418913575,-0.331011403855326,0.0277711797989262,-0.330712618712053,0.013298771100025,-0.283019947665785,-0.035583031386728,-0.268444516853564,-0.0401087360574033,-0.0756635471946825,-0.103659255428328,-0.0659122821301981,-0.108284737716578,0.0490287755484154,-0.141289826622193,0.169814754200257,-0.14682217396552,0.322206835772186,0.0301141287743202,0.193663723584199,0.0209941661858557,0.245167239558804,0.0204619128598698,0.234244349225637,0.0041385564509774,0.0467744485799643,0.0436812174271511,0.0373599994972184,0.0322263465314772,0.0197638289425557,0.0270311982438464,0.00870812579297365,0.0171452508234678,0.048817435207053,0.0228067047911606,0.112984659843022,0.0321911433908251,622.241549122642,"pruinosum","Female"
"ORTPRU009",0.309214775572582,0.0523165575469816,0.0385912006357248,0.0502866223889035,-0.236079750517291,0.0589483620559427,-0.2958146973742,0.0493130615650812,-0.340116840011151,0.0237547352463377,-0.344316979972594,0.010047885455038,-0.276326733103066,-0.0214229190197062,-0.2616408125751,-0.0291592575767398,-0.0672315630115971,-0.0626473472669626,-0.0594248951597492,-0.068862544597942,0.0746248024526601,-0.10261664051814,0.18602700263946,-0.12585710299527,0.327306618711212,0.0211695867866081,0.197669365489524,0.00708432026186152,0.251480096060106,0.0146940104484097,0.24197230903287,-0.0114996853033203,0.043463168049232,0.0326107361880587,0.0361484155269397,0.026028302249378,0.0173704956406798,0.0223638688099299,0.00628409412784293,0.0101778146881667,0.0460807492139435,0.0162087212808307,0.104719178571971,0.0270609123065526,864.518310442821,"pruinosum","Male"
"ORTPRU010",0.310198130489821,0.0683814260552764,0.0400846531754821,0.0552870135789664,-0.222961251269252,0.0797369201056953,-0.278424389436801,0.0723243520762788,-0.334330854498779,0.0285194983944934,-0.332410852331595,0.0175045792288241,-0.27576620104207,-0.033894012354269,-0.256992099864297,-0.037428455427441,-0.0804174219916434,-0.0996701218630644,-0.0678661407849712,-0.106558638673905,0.0625191411493811,-0.138280482002811,0.172874032908587,-0.146258816210892,0.32114288314234,0.0317026384849896,0.194033321414528,0.0185952201096106,0.241451854309259,0.0200626424706889,0.239732520021786,0.00387003062124771,0.0471797886225217,0.0406330613297548,0.0347339377404829,0.0339200729413646,0.016059163257071,0.0238526801991318,0.00840014107670132,0.0157040712736012,0.0484374976305563,0.0204223875935181,0.112322146280892,0.0315739320689403,447.452993976107,"pruinosum","Male"
"ORTPRU011",0.314462447720989,0.0646620463687194,0.0402390915031021,0.0484142628275061,-0.224091291042885,0.0562970739568724,-0.281079241147703,0.0536855566161207,-0.33761841184202,0.0212812574925339,-0.341523706349011,0.00979694186917476,-0.288879043959576,-0.0206626663840228,-0.273276241622943,-0.026075535033785,-0.0679227894955598,-0.0660501510350587,-0.0602688695721188,-0.069939345113655,0.0705227915649308,-0.10440131648569,0.185192266620108,-0.122808440886746,0.331013076870571,0.0226720963268817,0.193415832987652,0.00907628384352173,0.252732011502027,0.0113605764822934,0.241081612418673,-0.011580032834115,0.0439530833139139,0.0292101374557539,0.0356612477026435,0.024536159236897,0.0138112797102014,0.022597658143256,0.00691859832263351,0.00671658409694091,0.0423609723430412,0.00974246571366806,0.103295282451328,0.0314683873429343,941.986826775291,"pruinosum","Male"
"ORTPRU012",0.322203587270425,0.0656448887500029,0.0356983412367049,0.0581141481492658,-0.236913424905937,0.0794798101203215,-0.296459566246314,0.0672569101307372,-0.334262222920921,0.0286118240899549,-0.333220427581491,0.0193529122341717,-0.266371934199727,-0.0261601989949896,-0.250849276412383,-0.0322095121794501,-0.0583677164732199,-0.0907776667280113,-0.0461767928282935,-0.101877053577154,0.0956194111366869,-0.140434045469023,0.144982709532785,-0.147348466135912,0.335136467874335,0.0343030882185328,0.189773431520411,0.0146867282693162,0.244605626866174,0.0201251725258497,0.228826458881068,-0.00586787684509048,0.0370325766726035,0.0395195733914794,0.0325011618099203,0.0311997533940859,0.0113457282184204,0.0248925857573679,0.00023836490860458,0.0126996119244488,0.0418749276831987,0.0174254528634109,0.10278256795695,0.0313623601106861,1291.79814775585,"pruinosum","Male"
"ORTSAB001",0.3201564782932,0.0634873330981559,0.0433889003477841,0.0585533918865653,-0.204464226965411,0.0753922508779901,-0.287548552560128,0.0613828452315983,-0.336601720814467,0.0270365289020238,-0.338746935920535,0.0148740532770866,-0.272515471871652,-0.0362188053543088,-0.259227722829801,-0.0421457150955312,-0.0824095006821825,-0.0858746009036073,-0.0691234177651301,-0.0918012525828034,0.0602701223872779,-0.119999064451118,0.182606813793457,-0.127244047872906,0.32997378117441,0.0277170475033408,0.190874430633033,0.0110441268771417,0.245451567461687,0.0157505308268029,0.237378893933723,-0.00969783976761032,0.0455375100894909,0.0402584629513405,0.0335817235237856,0.0334094994648961,0.00537621985365102,0.0258438238215607,-0.00402538147851706,0.0131700188429767,0.0432927183194319,0.0173653059263064,0.116773771076891,0.0276961065400991,567.024169759023,"sabina","Female"
"ORTSAB002",0.321733675092142,0.0654199568331693,0.0338963433062551,0.0519743462965659,-0.211648106109842,0.0673552269412326,-0.288995923885803,0.056500850610484,-0.329546598257584,0.0259887912138653,-0.336193178541879,0.0171649369548285,-0.276318147090521,-0.0242659564574568,-0.262322862948764,-0.030767873904285,-0.0796640166731642,-0.0807492938375733,-0.0691183485064544,-0.0873496981005706,0.0680555360793882,-0.116204313593753,0.187244427246168,-0.119686860491407,0.338294133834295,0.029651229379629,0.193930957858364,0.00824658294099758,0.247245270670196,0.0149541982648932,0.240938077082088,-0.00593982953496685,0.0396131419348059,0.0331523218565503,0.0345851583136456,0.0278284230461007,0.00374865557385124,0.0200387286426288,-0.00630073201814136,0.00939324993188875,0.04193155165384,0.0125071743189319,0.108890985387115,0.0247878086882471,580.142184766333,"sabina","Female"
"ORTSAB003",0.31886460820632,0.066802533754856,0.0432604965791106,0.0623491061131421,-0.207608555608075,0.0784317949236086,-0.2833557393461,0.0650365533490603,-0.33142059252705,0.0262387315006624,-0.334798808526206,0.0157365754834042,-0.274885772442347,-0.0378918207297299,-0.262111233010472,-0.0426836414192357,-0.0819494357553596,-0.0954624538095248,-0.0738298291133925,-0.0986206461325842,0.0542672448087355,-0.129742561722877,0.172771859310704,-0.134738417306962,0.323778407887426,0.0290944055882792,0.193746786041967,0.0135280348555301,0.24954850366107,0.0191616173633451,0.238885326618311,-0.00508357257256375,0.0438742207151324,0.0430647456790244,0.0355086899802781,0.0306243515670864,0.0122077272241129,0.0255770081003116,0.00655577535137681,0.0164872510057417,0.0478393078851183,0.0210661015401741,0.108851012059341,0.0310243028692521,835.9863254645,"sabina","Female"
"ORTSAB004",0.319273704930632,0.0686967246812378,0.0375566955191645,0.0579498796033302,-0.215123165015594,0.077615669060453,-0.281523023054854,0.0697483903063768,-0.335533246088493,0.0300818171376215,-0.337102902946145,0.0166832629201768,-0.271571020180429,-0.0348302326061298,-0.257202212495472,-0.040916127066867,-0.0773854719975265,-0.0940141444433489,-0.0696592153847737,-0.0976362659092888,0.0660055686397761,-0.130201194788734,0.182341790594123,-0.137458251406219,0.325802171161077,0.0292460537854105,0.185164985594222,0.0137758422531117,0.246934241192181,0.0173131684512424,0.234988064673444,-0.00470611992253468,0.04255513398888,0.0398468877154667,0.0343798710385549,0.0300326598143704,0.0117983861090061,0.0251831273160151,0.0047047714995413,0.0142108390704631,0.0430004638878004,0.0196546411686582,0.110594408334887,0.0297233728591888,892.834327500705,"sabina","Male"
"ORTSAB005",0.3207134071568,0.0602564219867749,0.0377926364258925,0.0574310330835648,-0.220392624276896,0.0753435193494432,-0.290940073867033,0.0633492270167947,-0.331446656801515,0.0296302284455192,-0.33300004852979,0.0176274879024816,-0.274786231412796,-0.0330821781018272,-0.260252432954336,-0.0368417559537864,-0.0758913179026315,-0.0883866700432051,-0.0613598611336002,-0.0921458851965721,0.0692795822846081,-0.123599345857086,0.191019351835929,-0.129494859750843,0.320962258185459,0.0222080374341727,0.192922738759625,0.0157674760614841,0.247549060413888,0.0171502350919999,0.237013424305719,-0.00260982523362167,0.0414645244773224,0.0386500020475233,0.0350115949664364,0.0286908661025274,0.00912892380771092,0.0245281251041996,-0.00679090917079465,0.0139147193788703,0.0383613039853052,0.0146463789234574,0.113641349444695,0.0269667622081269,421.554752186367,"sabina","Male"
"ORTSAB006",0.318109413467975,0.0642438543144913,0.0405306466082084,0.0573235300775997,-0.217379545181214,0.070002782144021,-0.291218016976112,0.056678406491394,-0.337092114876839,0.024317373194428,-0.339791442176279,0.0160214986066206,-0.273195360885855,-0.0306469468681752,-0.262413277642223,-0.0342420145502082,-0.0695605127634987,-0.0771661260402379,-0.0647008388587283,-0.0839633663642197,0.0749189474292714,-0.116454302846513,0.181572717967635,-0.129791759901453,0.331376843799988,0.0238302195081622,0.189828605687749,0.00956981655226757,0.249257827577425,0.0140377361939675,0.234422772955281,-0.0131890862471505,0.0458708878113534,0.0354751991307858,0.03575316307263,0.03153014439141,0.00802168901970166,0.024654003487215,-0.00147548690028442,0.011506076724943,0.042087421815708,0.0163431020457571,0.105075659048108,0.0299198599548957,1197.8781999094,"sabina","Male"
"ORTSAB007",0.314770231340251,0.0634868553372147,0.0435946363825524,0.0612047555538145,-0.2085162521104,0.0803558203139026,-0.284535971259005,0.064183185391742,-0.330846218932879,0.0233941383781514,-0.333975451791984,0.0117092476723153,-0.281634961450935,-0.0330981222628241,-0.264091520251562,-0.0383719197752132,-0.0851390209304689,-0.0921581719279264,-0.0745433594320401,-0.0976386353557582,0.0583790330901405,-0.123820409090208,0.181207390967208,-0.12248390514965,0.327421603010905,0.0279299106998131,0.191036595745943,0.0145937554650842,0.247819075414898,0.0151268535774919,0.237982015333463,-0.00487255794952232,0.047758601769086,0.0381468078388726,0.0352964909398265,0.0285032409756847,0.0157450769330205,0.0232837417879513,0.000967132418371686,0.0135696776719834,0.0472219464810227,0.0172659915103988,0.114082926332586,0.0296897393366809,863.374800103956,"sabina","Female"
"ORTSAB008",0.317922946591098,0.0661256931706967,0.0439045464789894,0.0624094402184109,-0.208172391799243,0.0810889363054284,-0.283371825834929,0.0697484778011081,-0.332943386815178,0.0250482994385843,-0.336598762050829,0.00919154294232,-0.274795462423145,-0.0372352391826481,-0.260073800058679,-0.040874619874682,-0.0767377605330706,-0.0937300142309283,-0.0677155658996366,-0.0984173044779688,0.0478073842373241,-0.126353404942032,0.176209235926175,-0.129480116391816,0.332134651460692,0.0295296429248136,0.189774024925846,0.0124088556772262,0.248940915955026,0.0160399534079092,0.238360552281373,-0.00653149166408979,0.0458261737828808,0.0396454742177381,0.0331854925253937,0.0307477210148739,0.0126397088218282,0.0253813533639579,0.00113471653636522,0.0164643788376941,0.0432378763424527,0.0192235873708446,0.109330729549265,0.0295688340725589,880.113267503884,"sabina","Male"
"ORTSAB009",0.316394411982871,0.06691421160896,0.0407589400905763,0.0596539692800802,-0.210863344674198,0.0707880628433641,-0.291422104400714,0.0580100855184116,-0.329569452206367,0.0282967790173492,-0.335212682181197,0.0141580906860346,-0.278638685138331,-0.0296224508161507,-0.265912164490514,-0.0352681287660364,-0.0807067939006631,-0.0832001408158437,-0.0722208389967516,-0.0888485717906716,0.0592598380944792,-0.119855497549386,0.183654827407108,-0.128249889213413,0.32772870032994,0.0315835825261825,0.194867580475001,0.0102891973462895,0.249991065964179,0.0173943341331151,0.234460522641177,-0.0066461910221024,0.0436030044700434,0.0356271545409824,0.0351276758649658,0.0271404347673624,0.0153399524443955,0.0228850516349518,0.00404009489834272,0.0115687171072251,0.0464463567598293,0.0115999383140023,0.112873094565829,0.0257812606492924,707.677796483939,"sabina","Female"
"ORTSAB010",0.337167806912459,0.0645062274420973,0.0251888344624513,0.0562243842897762,-0.223768700141325,0.0656676745960423,-0.294768144275331,0.0545779797963224,-0.330733479483779,0.0313338914911985,-0.330898906749423,0.0248955569462175,-0.259950550002672,-0.02990089725724,-0.248857397191544,-0.0366079031952065,-0.0682507784488973,-0.0781095611133012,-0.0586894414343068,-0.0815692130506971,0.0721188976899434,-0.12179259607922,0.186065020707786,-0.129461491602289,0.349104300615921,0.0272404478400048,0.186292997758627,0.00720139916125142,0.250734660619471,0.0136239482113136,0.238810257007378,-0.0133955039066391,0.0279220482401758,0.0368654312398624,0.0197685530317796,0.0322410430210384,0.00184519944061533,0.0230479418450234,-0.0129626889604608,0.00895590405082214,0.0354195077722133,0.0157808051301949,0.0984420024289172,0.0286745311434279,623.643291109152,"sabina","Female"
"ORTSAB011",0.316552016839754,0.060045706927669,0.0433643270560423,0.0532982735442271,-0.20328272989086,0.06474367351029,-0.291273449642437,0.0510562713356524,-0.334878122190312,0.0201649719650689,-0.338117338655616,0.0116950455894577,-0.280621583267956,-0.0255465745118655,-0.266600734063039,-0.0316756187425328,-0.0893906419208854,-0.0738342420032098,-0.0810987212824245,-0.0785316444257096,0.0591498570376485,-0.1088233205154,0.19431604209903,-0.120038843698888,0.327315719314511,0.0269993306337559,0.195128983028921,0.00833074148898708,0.251537703893489,0.0169872449426921,0.244720929584001,-0.00875480375268733,0.046715163158057,0.0322265875279052,0.0380083205217123,0.0273737203975554,0.0129476939257696,0.0215523119942172,0.00716692496340262,0.0104416249935782,0.046871174586763,0.0152253566102639,0.101468464904429,0.0270641861889718,1366.66117700302,"sabina","Male"
"ORTSAB012",0.315420302856595,0.0644220777898333,0.039684486980687,0.0548064132327929,-0.224593691197977,0.065891543470716,-0.296461626513658,0.0543370364362202,-0.337321735673997,0.0286265874147817,-0.343686188411696,0.0126626224805754,-0.270788681679595,-0.0267368329193706,-0.255315698224302,-0.0307744303628809,-0.0729557905622824,-0.0750334001405611,-0.0644769704501135,-0.0805498833599272,0.0644698497315886,-0.114178020800596,0.182895413099009,-0.126881198203216,0.325652587476673,0.0276022573444096,0.193563383909584,0.00696506266209144,0.249109761286142,0.0150610839008627,0.241462446918,-0.0121371301115625,0.044125325420071,0.0338179556168384,0.0367022036034727,0.0285909231092807,0.0124621896250022,0.0222423659643121,0.00326867942602841,0.00811597157766327,0.0466596233026704,0.0160774628007344,0.110124129078098,0.0270715320970027,593.727056972999,"sabina","Male"
"ORTTRI002",0.314278745726221,0.0610734720936795,0.042826839254751,0.0572326842017272,-0.211886083029486,0.0797599838031456,-0.286435726493058,0.065137758420626,-0.335238686678892,0.0231759882987857,-0.338888265642279,0.0127531583100303,-0.277106257718623,-0.0349324574223441,-0.264323147005587,-0.037202640525641,-0.0814896909813117,-0.0935035397665522,-0.0732492414839462,-0.0955073016068217,0.0603655665023003,-0.123095206191246,0.177319167330493,-0.123875826877725,0.326667755455591,0.0261590032415835,0.187891947326594,0.0175778706185197,0.242494786712124,0.0158980101065838,0.237597771201656,-0.00280950575627758,0.0463043712134334,0.0387947629180898,0.0403822727651346,0.028506529030342,0.0164231308494786,0.021553977736278,0.00996566405565218,0.0150933255253743,0.0504938035964364,0.0195552012098188,0.115605277043317,0.0286547526320229,1318.89804209975,"trinacria","Male"
"ORTTRI003",0.325302224369217,0.0568870399133631,0.0449555069168014,0.0505736083889368,-0.207239300663417,0.0600589557970695,-0.297370110566872,0.0480338787749722,-0.3360673235867,0.0192622932359341,-0.340408977189548,0.0117419304854839,-0.276666974070405,-0.02713296424693,-0.267090874559254,-0.029664732764335,-0.0812013705470086,-0.0740120681356767,-0.0717489755317749,-0.0784769699488515,0.0568639929578565,-0.105736508049317,0.175260079225943,-0.109043488572286,0.339037422001385,0.0268814390407967,0.189946647562426,0.00483312488390493,0.250812697638486,0.0147381432732144,0.233679617081115,-0.0114348123304412,0.0458382353071375,0.0330186002128056,0.0359197186228466,0.0297264008605709,0.0120875609783022,0.0214538250309315,0.00374925017258736,0.0122349126163821,0.0467176413256823,0.0154617188287766,0.117623312555197,0.0305956727046962,516.084075250606,"trinacria","Female"
"ORTTRI004",0.321493128868698,0.0587196257443355,0.0353342489882781,0.0538773140827026,-0.224097097972794,0.0633818344889567,-0.300461433649687,0.0499708212952921,-0.330384776732134,0.0262626533290864,-0.337295230881756,0.0185288558388038,-0.272423767989962,-0.0256174217199083,-0.259303358042037,-0.0304018717389822,-0.0821536079047749,-0.079346471936049,-0.0673119006618145,-0.0822007074696901,0.0792063915165034,-0.108977629338316,0.185999926109243,-0.114082841869017,0.334507819592137,0.0227181871427134,0.188475247652038,0.00728036712944257,0.248674815539109,0.0142842431166812,0.237383263295348,-0.013876156570302,0.0438666421886175,0.0323188842416699,0.0366441648536625,0.0300760405808972,0.011323772173517,0.0231642272514422,-0.000877942125828406,0.0114710574183125,0.0392957470440452,0.0155340174666666,0.11210394813959,0.026914971515261,546.1858241894,"trinacria","Female"
"ORTTRI005",0.310813501009949,0.0733862147589199,0.0472309719179529,0.0584208364656009,-0.211249722151623,0.0818069998125856,-0.284125713180946,0.067793448911156,-0.325105041951111,0.0342788097913156,-0.334042451575993,0.020128711957565,-0.273094694126443,-0.0348752445778737,-0.261424173389695,-0.0435668909163064,-0.0814172943583968,-0.0992186693836624,-0.0730985042136027,-0.103814940330055,0.0639528843384775,-0.137610730272784,0.185493101393735,-0.138508635246456,0.33029384213218,0.030058993670728,0.189875881105634,0.017792837630475,0.245247951644103,0.0197695868587924,0.233945713459136,-0.00542897977561825,0.0493391484428937,0.0419062517579666,0.0381650845684071,0.0304893752808151,0.00464934860751547,0.0213101779364747,0.00141588450212919,0.0141071887122402,0.0371769355155376,0.0205549520970233,0.105957346310161,0.0312197048610982,567.097474385617,"trinacria","Male"
"ORTTRI006",0.323891087029054,0.0565470877901859,0.0365152670125161,0.0452029631939805,-0.230130964072829,0.0507854285999591,-0.300945760457697,0.0420138602415853,-0.338222422198606,0.0205416005304731,-0.34419365744016,0.0100396603846259,-0.269983885094047,-0.0175291904720525,-0.257680032837854,-0.0236148610272716,-0.0828928874085922,-0.0602701179558566,-0.070310832507047,-0.0609784987238131,0.068754129889835,-0.0902367637617488,0.190536158372991,-0.10588064664865,0.343686676185517,0.0229902815892386,0.192879570101096,0.00238269122832298,0.249120978298988,0.00832215427061279,0.237059024634856,-0.0144665806481191,0.0428141243676365,0.0286122843669322,0.0353220059258456,0.0236019009131145,0.0116499811639862,0.0194723271225641,0.00197076684814189,0.00737624149272822,0.0472154107224287,0.0103232500771871,0.112945261463941,0.0247649274360009,557.317846312301,"trinacria","Male"
"ORTTRI007",0.313427082905186,0.0629872822211637,0.0346540442450823,0.0558736104855119,-0.211083207243846,0.0711394222362414,-0.289018634443248,0.0633193391427986,-0.332439650828238,0.03172067192938,-0.339254630093002,0.0226157030309356,-0.278857667881818,-0.0323176244936267,-0.26265464084897,-0.0389093691172952,-0.0798237674492988,-0.0881692011466486,-0.0653976218774973,-0.0948170834524219,0.0722562704109099,-0.120642739162609,0.193085603939174,-0.120349501131129,0.3306487378795,0.0244429406564033,0.188796070195703,0.0145830050811641,0.245717658781209,0.0128481031267023,0.235575184332171,-0.00347338200869444,0.0423749477797303,0.0365716735425751,0.0356123217944947,0.025696153387731,0.00732469432608272,0.0212378888534177,0.00582684725911916,0.0123029891556862,0.0447722365547205,0.017099156378908,0.108458120262835,0.0262409612838056,563.399301319475,"trinacria","Male"
"ORTTRI008",0.316277833307518,0.0676959293725491,0.0443910107644355,0.0582822583033367,-0.209712206238322,0.0790676790777905,-0.28834132585307,0.0671335170908761,-0.330849020656681,0.030132228454371,-0.336303565940447,0.016013398115869,-0.270928594520376,-0.0360814883400068,-0.261954229633449,-0.0396740661255681,-0.0807352832161102,-0.0943383534050348,-0.0692573118056547,-0.0995224754411816,0.0533887583645214,-0.126814044245009,0.183619544823015,-0.132197445748748,0.33506122271536,0.0297319441162822,0.189584817819978,0.016662079879896,0.241632899562553,0.0166502845268451,0.233128359060039,-0.00116067708528907,0.0464523431469906,0.0393861198958613,0.0359866184171353,0.0284521259092463,0.0125858592225414,0.0215160249057073,0.00239131006878669,0.0132212532903199,0.0456011127409469,0.0181206378859301,0.107979847850289,0.0277230695659576,753.465116523772,"trinacria","Male"
"ORTTRI009",0.332677939809812,0.0773442477552274,0.0531666096098343,0.0639998268231116,-0.208319595751611,0.0794673572849397,-0.277259421794589,0.0669196759049699,-0.327463506525979,0.0268630569576747,-0.32799763387465,0.00974774914193992,-0.27562009183212,-0.038391574209306,-0.261248039708421,-0.0486269837301417,-0.0937588897017147,-0.0954544994554783,-0.0865688584969971,-0.100575550334266,0.0495588873849859,-0.131738031851344,0.154822238216939,-0.132568338375197,0.338583176895328,0.0306578065733835,0.188860571083155,0.0181661361779971,0.242748975295966,0.0189442287271005,0.229838399205661,-0.00268993236562216,0.0475259027761003,0.0396981882780699,0.0424021376298927,0.0325125155990018,0.0126793481737141,0.0211998040194735,0.0100731487953951,0.0163758340241782,0.0419585150154193,0.0178380794553339,0.113340187793878,0.0303104035989534,409.139451665433,"trinacria","Female"
"ORTTRI011",0.313682794726058,0.0692738119327194,0.0433666623908246,0.0631833931239068,-0.207392045168106,0.0821996336853543,-0.287466540413738,0.0653192538032347,-0.32762752050729,0.0299160215470147,-0.336538178856512,0.0136027838707441,-0.272439611539631,-0.0341972259898416,-0.260983930454187,-0.0426458253568456,-0.081978826783278,-0.094052154014296,-0.0727219412842626,-0.0998395859259469,0.0588417383300921,-0.134459343563713,0.17397989079907,-0.135637167957307,0.334735505829569,0.0329358423735863,0.180833381242707,0.0132894639291845,0.247599224555971,0.0191797422165693,0.23799067925091,-0.00442449823477397,0.0461405242679615,0.0408505123182026,0.0376913929628455,0.0293973318624229,0.0102672418944911,0.0246565549986454,0.00690794279250205,0.0151676469385836,0.0438235069773509,0.0165515052305466,0.111288108986653,0.0297323032120083,409.794238834343,"trinacria","Male"
"ORTTRI012",0.313665887387913,0.0729028417486531,0.0444945637579755,0.0583806154903633,-0.208371783407149,0.0812296956544332,-0.277435763615862,0.0731607412975208,-0.334654193209437,0.0260750248484685,-0.341859094560601,0.00632551636340339,-0.275500117685544,-0.0318534573756391,-0.263670405106784,-0.0365808183983736,-0.0793936140726511,-0.0937521944439496,-0.0676832701007592,-0.10048889971283,0.0495357695904384,-0.131551759367194,0.180333617305848,-0.137182660724572,0.329409913355139,0.0316363919772951,0.185250142104903,0.015854576936498,0.243908008088329,0.0184781727931341,0.232562553851173,-0.00305077343327304,0.0453309273955984,0.0381576121659883,0.0348088703260834,0.0307031994372262,0.0161240081550055,0.0217091200069855,0.0116303572456723,0.0139001630550787,0.0461662973924295,0.0179340486105808,0.115347325802281,0.0280128430702024,496.754420760857,"trinacria","Male"
"LIBDEP001",0.313668336819334,0.0602842034656018,0.0422399035746096,0.0619858362091693,-0.206405097018708,0.0804287287016098,-0.276098630804692,0.0724377852352174,-0.335409655673593,0.0174790614795631,-0.331925080741467,-0.00391666292346438,-0.273962729290535,-0.0348805633831628,-0.257335161068528,-0.0404528979788376,-0.0964959985163302,-0.0936716255187477,-0.0853438489159512,-0.096758466235534,0.0447037513887844,-0.133357649995471,0.166174523915702,-0.142282292408686,0.327320996932672,0.0263338645096106,0.200653733238564,0.0223988295191963,0.248356801859024,0.0212238205617001,0.238802384209942,0.00309469670118288,0.0482158719817023,0.0460523334402293,0.0411486624267772,0.0334112523150659,0.0176524606022834,0.0282245930383708,0.00700291921773251,0.0178648785645955,0.0475284747607579,0.0212638606466455,0.11950738110192,0.0328364140561462,526.284273338693,"depressa","Male"
"LIBDEP002",0.310040073271276,0.0667326146868447,0.0384080340278431,0.0587592176449578,-0.202565780543759,0.0840317207521901,-0.274646861222375,0.073646031576299,-0.33168702917505,0.0210274434338158,-0.332041154593334,0.00507055002054571,-0.280955178529634,-0.0319910289646284,-0.261185367343417,-0.0404102804370776,-0.090709331126478,-0.0940715495209906,-0.074885577970068,-0.100408881809556,0.0641409622184804,-0.131424654886793,0.175733262102716,-0.139876615408704,0.32910590759191,0.0263960948192391,0.199156335611574,0.0172832802624434,0.243144441500518,0.0203048313824116,0.246682337921211,0.000264734885327226,0.0420454611620537,0.0427080255230822,0.0338449430499478,0.0329113910951304,0.0117228574221647,0.0254162821285223,0.00352145421629489,0.0156159640108361,0.035538201127081,0.018902419225853,0.115592009281043,0.0291124095802521,501.539538910851,"depressa","Male"
"LIBDEP003",0.311726719267615,0.0780406729718743,0.0279132819296533,0.0599794447321557,-0.211190174656912,0.0823118084437783,-0.268235458328537,0.0752734021472874,-0.32539493661131,0.0278883328048958,-0.328909137786853,0.0128495887764071,-0.271722754415609,-0.0268672745957398,-0.256369504902125,-0.0367367764212015,-0.079040963654951,-0.100310654355549,-0.0659141971321914,-0.108166422555473,0.0550780309380502,-0.149000494124916,0.178935192725705,-0.162077326263934,0.334871019221738,0.0388073401344733,0.191355728716262,0.0190706571280931,0.250700383172814,0.0219649571702651,0.239120454493527,-0.00196839273069708,0.0308602946698661,0.0431197964929072,0.0249096384566777,0.0343343575085101,0.010468586158331,0.0251365955747406,-0.00384359822020687,0.0138145105680726,0.0299843715556138,0.0175890548925501,0.124697024402844,0.0349468217014989,472.108905001609,"depressa","Male"
"LIBDEP004",0.306353295331416,0.0770111019589275,0.0425140246782327,0.0639976792913016,-0.200360425963486,0.0849794446294094,-0.279457910271951,0.0747885761798345,-0.331218981693627,0.0230765330453204,-0.334387963073172,0.00818252784738513,-0.27750634771199,-0.0323197212485017,-0.262348524355377,-0.0428686173772708,-0.0847733789576027,-0.0994235493114341,-0.075412021807841,-0.102792410865811,0.0572062197365605,-0.142454031219077,0.170459356398698,-0.156926269294326,0.324528050399248,0.0333076301817341,0.18825461721608,0.0192480541458679,0.245539758158274,0.0194287623937077,0.233338215694562,-0.00133415366475017,0.0432347695420178,0.0436939553584799,0.0361758693665211,0.0342065352080699,0.0215947933117605,0.0281459337735521,0.00722501106930077,0.0165489209018075,0.0441484873615234,0.01785773640752,0.124893085570853,0.0336453616582559,542.050861417668,"depressa","Male"
"LIBDEP005",0.312122767380904,0.0712127958299356,0.0355348540180907,0.0607503279886982,-0.211378224807101,0.0758442756683553,-0.282335326135747,0.0663372602051118,-0.33643287260205,0.0220733063771218,-0.336559974879684,0.0117066138168159,-0.267982845191722,-0.0323236279286063,-0.259383384020912,-0.0358855172719529,-0.0820870736264954,-0.0916004680664118,-0.0717839914952769,-0.0969097193012037,0.0504413978981661,-0.134677354410484,0.176364700020578,-0.151753097517001,0.325483186346591,0.0330385922883146,0.192241249127868,0.0173772838316111,0.244072373029218,0.0167502225599381,0.235160570781981,-0.00560409691700743,0.0422128838705337,0.0416621178923511,0.0386920717385144,0.0365201496642866,0.0196021029986527,0.0298402088739823,0.0107747387325765,0.0143984423269545,0.0402142331020699,0.019224671099984,0.125026563713243,0.0320176129892078,579.08886113524,"depressa","Male"
"LIBDEP006",0.313189633421041,0.0695756802618332,0.0441391971895868,0.0590847487357344,-0.204384302095344,0.0770270077330182,-0.277336417343722,0.0674174249088537,-0.33261735140536,0.0208178606075636,-0.335135950417656,0.00958108978616585,-0.276512941486994,-0.0342413421810628,-0.264035060078286,-0.0417575020582364,-0.096763796067593,-0.0957685750694219,-0.0855282721285703,-0.0982906811529092,0.0577762127356958,-0.132775898172964,0.165920840632755,-0.145211722974,0.322105806419364,0.025104875958543,0.19918919730306,0.0243179337798024,0.243408080239447,0.0214948008788199,0.236623704871903,0.00177129826100946,0.050103209991916,0.0435826899085286,0.0408436852277982,0.0338603451509084,0.0203450414227685,0.0266543692383998,0.0155747146430318,0.0159213069200501,0.044568501963651,0.0188670457619964,0.118526264961505,0.0329672437173684,434.628211024298,"depressa","Male"
"LIBDEP007",0.316265587361131,0.0664457451231847,0.0478875173051962,0.0605821650455711,-0.21339364313504,0.0737186864107536,-0.274849912901717,0.065630974418679,-0.331785700972158,0.0154979807232737,-0.333508399264328,0.00315662010614233,-0.265915407627058,-0.0321914931528597,-0.254269037394192,-0.0415825635565555,-0.106237279218119,-0.0896134960502028,-0.0935775929601627,-0.09434259044599,0.0397548239299312,-0.133286617784054,0.157859766991673,-0.143468026906035,0.337496450078479,0.038307969255911,0.198231464680867,0.0188822357372557,0.246967986911374,0.0180137384998807,0.238532248029269,-0.00264601120875383,0.0541559000249055,0.044529107553511,0.0414413376234193,0.0355748532177764,0.0210424802479793,0.0273199201846704,0.0146476975803439,0.0159989494557125,0.0387180267911316,0.0185697573079842,0.120535685917074,0.0349020960641441,468.657318110132,"depressa","Female"
"LIBDEP008",0.319062830872588,0.0734625941274851,0.0463342343916206,0.0618745010758558,-0.203639722767194,0.0749306540334372,-0.275040412359897,0.0636741852098801,-0.322228673382722,0.0161449784129611,-0.324350658349395,0.00268234923543288,-0.278079805751432,-0.0326447473224001,-0.263140404938404,-0.0415753991515183,-0.105754381211578,-0.0939588683087038,-0.0957750531652973,-0.0993538550348758,0.0365916817569587,-0.139089569319828,0.154828630707845,-0.144560466786396,0.329553668439439,0.0308521184762039,0.193915898741225,0.0216316982150439,0.253110487333073,0.0214424939384512,0.245697129169773,0.00137441231152723,0.0508086698939575,0.0431215692798733,0.0420899281922799,0.0349437701777852,0.021643693291364,0.0305157236977459,0.00606923560968719,0.0191710497507072,0.0433658122116885,0.0213699256457202,0.12493721131442,0.0339908823356114,592.652780455654,"depressa","Female"
"LIBDEP009",0.319419224034933,0.0764383878683517,0.0381437509858231,0.06534310911434,-0.208129037995516,0.0803050399761417,-0.281535024973863,0.0683706342004515,-0.32714087967131,0.0214055427044282,-0.325449778049634,0.00917109094889618,-0.2679728594294,-0.0347310416596196,-0.252287927400331,-0.0435248683745063,-0.0935123190396707,-0.09830603745106,-0.0813079747518985,-0.103596941777175,0.0460461308618026,-0.146016531008191,0.152569104264024,-0.15866412075157,0.329733142594641,0.0327398291523176,0.1934166613541,0.0193057110827567,0.249328820676052,0.0225764651966176,0.243988828611159,-0.000110635706565789,0.0433044233887305,0.0461063439238374,0.0380307696096601,0.0391398332394373,0.0187745879675341,0.0304853002221029,0.00475839077897369,0.0183144608311353,0.0379768559086404,0.0216775968330795,0.121845110275551,0.0335708314347937,573.400621491879,"depressa","Female"
"LIBDEP010",0.316765039148174,0.0753977979847759,0.0449443622821953,0.0582367676347877,-0.209695862905308,0.0723432198810358,-0.275471978711241,0.0629612895347386,-0.32632496804767,0.0241130735847651,-0.331350991948199,0.0124641370191803,-0.277704886384305,-0.0318797397609394,-0.267940159141893,-0.0370157502051349,-0.0924882312456846,-0.091559492424077,-0.0845077941428777,-0.0986876247713086,0.0520009661217458,-0.134583098898085,0.160705839923832,-0.147413832548622,0.32655189213409,0.0361702580520582,0.196774654438387,0.019406149491776,0.243885580163436,0.0239469463781825,0.241481039340575,-0.000811857553117014,0.0461137449873952,0.0374657118138913,0.0387715150822775,0.0332618748715959,0.0220888489976537,0.0266412900853916,0.0132830955364944,0.0147807287851648,0.0398405831378502,0.0143827960936469,0.122277711233072,0.0303793549502947,529.202015044607,"depressa","Female"
"LIBDEP011",0.288369102904511,0.0778359521779607,0.0549463917742892,0.0637104413272639,-0.195272061801702,0.0782389791175945,-0.268230322835053,0.0676418622772043,-0.333712755508013,0.0239609848468935,-0.336930031586255,0.00991187057782797,-0.282154350713703,-0.0351715170220306,-0.261538463713599,-0.0444422318404132,-0.10494155869571,-0.0962263259688601,-0.0930295959125487,-0.102823252316323,0.0499584031024239,-0.146026519182325,0.160830552712002,-0.1518563715474,0.325453445626234,0.0363472655824966,0.197982998843487,0.0204770183824923,0.248717810703702,0.0243332811641883,0.24280631549508,0.00156339009144827,0.0581248790988939,0.0418245667930613,0.0414134232362668,0.0363230400786161,0.0209339527611814,0.0294062138493832,0.00864545563063109,0.0144814953857436,0.0431936070340023,0.0181816303430766,0.13443280184388,0.032308225882102,560.679457930692,"depressa","Female"
"LIBDEP012",0.293348748799218,0.0792607208062016,0.0509711053584086,0.0625268015098731,-0.207704623302579,0.0772538162097853,-0.27861728633221,0.0655379509898144,-0.335504172971164,0.0280996185460103,-0.335267011155775,0.0122477606342333,-0.269434678909725,-0.0347038845970203,-0.25699613976562,-0.0425371399329516,-0.0940095616677114,-0.0954759229327181,-0.0869707052230662,-0.10394923908908,0.0423524670835918,-0.141163016641161,0.168450009658703,-0.151371248389311,0.328137663853026,0.0352056491339889,0.190708376074933,0.0161381546541082,0.251457110673457,0.0211658179624205,0.241188769129428,-0.0030593194803493,0.0522051896375995,0.0429519929964569,0.0416992318931925,0.0345835180285746,0.0231074325470262,0.0296325571818033,0.0112116334451017,0.0145286196844574,0.0419548298326272,0.0187290063965055,0.12771161134154,0.034397786328357,582.209662328865,"depressa","Female"
